[2026-04-22 18:06:29] === Check avviato ===
[2026-04-22 18:06:30] Check: 0 slot trovati
[2026-04-22 18:06:30] ❌ Nessun slot disponibile
[2026-04-22 18:06:30] === Check completato ===
[2026-04-22 18:10:01] === Check avviato ===
[2026-04-22 18:10:02] Check: 0 slot trovati
[2026-04-22 18:10:02] ❌ Nessun slot disponibile
[2026-04-22 18:10:02] === Check completato ===
[2026-04-22 18:10:01] === Check avviato ===
[2026-04-22 18:10:02] Check: 0 slot trovati
[2026-04-22 18:10:02] ❌ Nessun slot disponibile
[2026-04-22 18:10:02] === Check completato ===
[2026-04-22 18:15:02] === Check avviato ===
[2026-04-22 18:15:02] Check: 0 slot trovati
[2026-04-22 18:15:02] ❌ Nessun slot disponibile
[2026-04-22 18:15:02] === Check completato ===
[2026-04-22 18:15:02] === Check avviato ===
[2026-04-22 18:15:02] Check: 0 slot trovati
[2026-04-22 18:15:02] ❌ Nessun slot disponibile
[2026-04-22 18:15:02] === Check completato ===
[2026-04-22 18:20:02] === Check avviato ===
[2026-04-22 18:20:03] Check: 0 slot trovati
[2026-04-22 18:20:03] ❌ Nessun slot disponibile
[2026-04-22 18:20:03] === Check completato ===
[2026-04-22 18:20:02] === Check avviato ===
[2026-04-22 18:20:03] Check: 0 slot trovati
[2026-04-22 18:20:03] ❌ Nessun slot disponibile
[2026-04-22 18:20:03] === Check completato ===
[2026-04-22 18:21:08] === Check avviato ===
[2026-04-22 18:21:08] Check: 0 slot trovati
[2026-04-22 18:21:08] ❌ Nessun slot disponibile — notifica inviata
[2026-04-22 18:21:09] ✉️ Telegram inviato OK
[2026-04-22 18:21:09] === Check completato ===
[2026-04-22 18:25:01] === Check avviato ===
[2026-04-22 18:25:01] Check: 0 slot trovati
[2026-04-22 18:25:02] ❌ Nessun slot disponibile — notifica inviata
[2026-04-22 18:25:02] ✉️ Telegram inviato OK
[2026-04-22 18:25:02] === Check completato ===
[2026-04-22 18:25:01] === Check avviato ===
[2026-04-22 18:25:01] Check: 0 slot trovati
[2026-04-22 18:25:02] ❌ Nessun slot disponibile — notifica inviata
[2026-04-22 18:25:02] ✉️ Telegram inviato OK
[2026-04-22 18:25:02] === Check completato ===
[2026-04-22 18:30:02] === Check avviato ===
[2026-04-22 18:30:03] Check: 0 slot trovati
[2026-04-22 18:30:03] ❌ Nessun slot disponibile — notifica inviata
[2026-04-22 18:30:03] ✉️ Telegram inviato OK
[2026-04-22 18:30:03] === Check completato ===
[2026-04-22 18:30:02] === Check avviato ===
[2026-04-22 18:30:03] Check: 0 slot trovati
[2026-04-22 18:30:03] ❌ Nessun slot disponibile — notifica inviata
[2026-04-22 18:30:03] ✉️ Telegram inviato OK
[2026-04-22 18:30:03] === Check completato ===
[2026-04-22 18:35:01] === Check avviato ===
[2026-04-22 18:35:02] Check: 0 slot trovati
[2026-04-22 18:35:02] ❌ Nessun slot disponibile — notifica inviata
[2026-04-22 18:35:02] ✉️ Telegram inviato OK
[2026-04-22 18:35:02] === Check completato ===
[2026-04-22 18:35:01] === Check avviato ===
[2026-04-22 18:35:02] Check: 0 slot trovati
[2026-04-22 18:35:02] ❌ Nessun slot disponibile — notifica inviata
[2026-04-22 18:35:02] ✉️ Telegram inviato OK
[2026-04-22 18:35:02] === Check completato ===
[2026-04-22 18:38:54] === Check avviato ===
[2026-04-22 18:38:55] Sacro Cuore Negrar: 0 slot
[2026-04-22 18:39:11] Clinica San Francesco Verona: 0 slot
[2026-04-22 18:39:27] Clinica San Francesco (alt): 0 slot
[2026-04-22 18:39:28] ✉️ Telegram OK
[2026-04-22 18:39:28] === Check completato ===
[2026-04-22 18:40:02] === Check avviato ===
[2026-04-22 18:40:03] Sacro Cuore Negrar: 0 slot
[2026-04-22 18:40:19] Clinica San Francesco Verona: 0 slot
[2026-04-22 18:40:36] Clinica San Francesco (alt): 0 slot
[2026-04-22 18:40:36] ✉️ Telegram OK
[2026-04-22 18:40:36] === Check completato ===
[2026-04-22 18:40:02] === Check avviato ===
[2026-04-22 18:40:03] Sacro Cuore Negrar: 0 slot
[2026-04-22 18:40:19] Clinica San Francesco Verona: 0 slot
[2026-04-22 18:40:36] Clinica San Francesco (alt): 0 slot
[2026-04-22 18:40:36] ✉️ Telegram OK
[2026-04-22 18:40:36] === Check completato ===
[2026-04-22 18:45:02] === Check avviato ===
[2026-04-22 18:45:02] Sacro Cuore Negrar: 0 slot
[2026-04-22 18:45:20] Clinica San Francesco Verona: 0 slot
[2026-04-22 18:45:36] Clinica San Francesco (alt): 0 slot
[2026-04-22 18:45:36] ✉️ Telegram OK
[2026-04-22 18:45:36] === Check completato ===
[2026-04-22 18:45:02] === Check avviato ===
[2026-04-22 18:45:02] Sacro Cuore Negrar: 0 slot
[2026-04-22 18:45:20] Clinica San Francesco Verona: 0 slot
[2026-04-22 18:45:36] Clinica San Francesco (alt): 0 slot
[2026-04-22 18:45:36] ✉️ Telegram OK
[2026-04-22 18:45:36] === Check completato ===
[2026-04-22 18:50:01] === Check avviato ===
[2026-04-22 18:50:02] Sacro Cuore Negrar: 0 slot
[2026-04-22 18:50:18] Clinica San Francesco Verona: 0 slot
[2026-04-22 18:50:34] Clinica San Francesco (alt): 0 slot
[2026-04-22 18:50:34] ✉️ Telegram OK
[2026-04-22 18:50:34] === Check completato ===
[2026-04-22 18:50:01] === Check avviato ===
[2026-04-22 18:50:02] Sacro Cuore Negrar: 0 slot
[2026-04-22 18:50:18] Clinica San Francesco Verona: 0 slot
[2026-04-22 18:50:34] Clinica San Francesco (alt): 0 slot
[2026-04-22 18:50:34] ✉️ Telegram OK
[2026-04-22 18:50:34] === Check completato ===
[2026-04-22 18:55:02] === Check avviato ===
[2026-04-22 18:55:02] Sacro Cuore Negrar: 0 slot
[2026-04-22 18:55:19] Clinica San Francesco Verona: 0 slot
[2026-04-22 18:55:35] Clinica San Francesco (alt): 0 slot
[2026-04-22 18:55:35] ✉️ Telegram OK
[2026-04-22 18:55:35] === Check completato ===
[2026-04-22 18:55:02] === Check avviato ===
[2026-04-22 18:55:02] Sacro Cuore Negrar: 0 slot
[2026-04-22 18:55:19] Clinica San Francesco Verona: 0 slot
[2026-04-22 18:55:35] Clinica San Francesco (alt): 0 slot
[2026-04-22 18:55:35] ✉️ Telegram OK
[2026-04-22 18:55:35] === Check completato ===
[2026-04-22 18:56:34] === Check avviato ===
[2026-04-22 18:56:40] Sacro Cuore Negrar: 0 slot
[2026-04-22 18:56:56] Clinica San Francesco Verona: 0 slot
[2026-04-22 18:57:12] Clinica San Francesco (alt): 0 slot
[2026-04-22 18:57:12] ✉️ Telegram OK
[2026-04-22 18:57:12] === Check completato ===
[2026-04-22 19:00:03] === Check avviato ===
[2026-04-22 19:00:04] Sacro Cuore Negrar: 0 slot
[2026-04-22 19:00:21] Clinica San Francesco Verona: 0 slot
[2026-04-22 19:00:37] Clinica San Francesco (alt): 0 slot
[2026-04-22 19:00:37] ✉️ Telegram OK
[2026-04-22 19:00:37] === Check completato ===
[2026-04-22 19:00:03] === Check avviato ===
[2026-04-22 19:00:04] Sacro Cuore Negrar: 0 slot
[2026-04-22 19:00:21] Clinica San Francesco Verona: 0 slot
[2026-04-22 19:00:37] Clinica San Francesco (alt): 0 slot
[2026-04-22 19:00:37] ✉️ Telegram OK
[2026-04-22 19:00:37] === Check completato ===
[2026-04-22 19:05:01] === Check avviato ===
[2026-04-22 19:05:01] Sacro Cuore Negrar: 0 slot
[2026-04-22 19:05:18] Clinica San Francesco Verona: 0 slot
[2026-04-22 19:05:36] Clinica San Francesco (alt): 0 slot
[2026-04-22 19:05:36] ✉️ Telegram OK
[2026-04-22 19:05:36] === Check completato ===
[2026-04-22 19:05:01] === Check avviato ===
[2026-04-22 19:05:01] Sacro Cuore Negrar: 0 slot
[2026-04-22 19:05:18] Clinica San Francesco Verona: 0 slot
[2026-04-22 19:05:36] Clinica San Francesco (alt): 0 slot
[2026-04-22 19:05:36] ✉️ Telegram OK
[2026-04-22 19:05:36] === Check completato ===
[2026-04-22 19:10:02] === Check avviato ===
[2026-04-22 19:10:02] Sacro Cuore Negrar: 0 slot
[2026-04-22 19:10:19] Clinica San Francesco Verona: 0 slot
[2026-04-22 19:10:37] Clinica San Francesco (alt): 0 slot
[2026-04-22 19:10:37] ✉️ Telegram OK
[2026-04-22 19:10:37] === Check completato ===
[2026-04-22 19:10:02] === Check avviato ===
[2026-04-22 19:10:02] Sacro Cuore Negrar: 0 slot
[2026-04-22 19:10:19] Clinica San Francesco Verona: 0 slot
[2026-04-22 19:10:37] Clinica San Francesco (alt): 0 slot
[2026-04-22 19:10:37] ✉️ Telegram OK
[2026-04-22 19:10:37] === Check completato ===
[2026-04-22 19:15:01] === Check avviato ===
[2026-04-22 19:15:02] Sacro Cuore Negrar: 0 slot
[2026-04-22 19:15:18] Clinica San Francesco Verona: 0 slot
[2026-04-22 19:15:34] Clinica San Francesco (alt): 0 slot
[2026-04-22 19:15:34] ✉️ Telegram OK
[2026-04-22 19:15:34] === Check completato ===
[2026-04-22 19:15:01] === Check avviato ===
[2026-04-22 19:15:02] Sacro Cuore Negrar: 0 slot
[2026-04-22 19:15:18] Clinica San Francesco Verona: 0 slot
[2026-04-22 19:15:34] Clinica San Francesco (alt): 0 slot
[2026-04-22 19:15:34] ✉️ Telegram OK
[2026-04-22 19:15:34] === Check completato ===
[2026-04-22 19:20:02] === Check avviato ===
[2026-04-22 19:20:03] Sacro Cuore Negrar: 0 slot
[2026-04-22 19:20:19] Clinica San Francesco Verona: 0 slot
[2026-04-22 19:20:36] Clinica San Francesco (alt): 0 slot
[2026-04-22 19:20:36] ✉️ Telegram OK
[2026-04-22 19:20:36] === Check completato ===
[2026-04-22 19:20:02] === Check avviato ===
[2026-04-22 19:20:03] Sacro Cuore Negrar: 0 slot
[2026-04-22 19:20:19] Clinica San Francesco Verona: 0 slot
[2026-04-22 19:20:36] Clinica San Francesco (alt): 0 slot
[2026-04-22 19:20:36] ✉️ Telegram OK
[2026-04-22 19:20:36] === Check completato ===
[2026-04-22 19:25:02] === Check avviato ===
[2026-04-22 19:25:02] Sacro Cuore Negrar: 0 slot
[2026-04-22 19:25:19] Clinica San Francesco Verona: 0 slot
[2026-04-22 19:25:36] Clinica San Francesco (alt): 0 slot
[2026-04-22 19:25:36] ✉️ Telegram OK
[2026-04-22 19:25:36] === Check completato ===
[2026-04-22 19:25:02] === Check avviato ===
[2026-04-22 19:25:02] Sacro Cuore Negrar: 0 slot
[2026-04-22 19:25:19] Clinica San Francesco Verona: 0 slot
[2026-04-22 19:25:36] Clinica San Francesco (alt): 0 slot
[2026-04-22 19:25:36] ✉️ Telegram OK
[2026-04-22 19:25:36] === Check completato ===
[2026-04-22 19:30:03] === Check avviato ===
[2026-04-22 19:30:03] Sacro Cuore Negrar: 0 slot
[2026-04-22 19:30:20] Clinica San Francesco Verona: 0 slot
[2026-04-22 19:30:36] Clinica San Francesco (alt): 0 slot
[2026-04-22 19:30:37] ✉️ Telegram OK
[2026-04-22 19:30:37] === Check completato ===
[2026-04-22 19:30:03] === Check avviato ===
[2026-04-22 19:30:03] Sacro Cuore Negrar: 0 slot
[2026-04-22 19:30:20] Clinica San Francesco Verona: 0 slot
[2026-04-22 19:30:36] Clinica San Francesco (alt): 0 slot
[2026-04-22 19:30:37] ✉️ Telegram OK
[2026-04-22 19:30:37] === Check completato ===
[2026-04-22 19:35:01] === Check avviato ===
[2026-04-22 19:35:02] Sacro Cuore Negrar: 0 slot
[2026-04-22 19:35:18] Clinica San Francesco Verona: 0 slot
[2026-04-22 19:35:35] Clinica San Francesco (alt): 0 slot
[2026-04-22 19:35:35] ✉️ Telegram OK
[2026-04-22 19:35:35] === Check completato ===
[2026-04-22 19:35:01] === Check avviato ===
[2026-04-22 19:35:02] Sacro Cuore Negrar: 0 slot
[2026-04-22 19:35:18] Clinica San Francesco Verona: 0 slot
[2026-04-22 19:35:35] Clinica San Francesco (alt): 0 slot
[2026-04-22 19:35:35] ✉️ Telegram OK
[2026-04-22 19:35:35] === Check completato ===
[2026-04-22 19:40:02] === Check avviato ===
[2026-04-22 19:40:02] Sacro Cuore Negrar: 0 slot
[2026-04-22 19:40:20] Clinica San Francesco Verona: 0 slot
[2026-04-22 19:40:36] Clinica San Francesco (alt): 0 slot
[2026-04-22 19:40:36] ✉️ Telegram OK
[2026-04-22 19:40:36] === Check completato ===
[2026-04-22 19:40:02] === Check avviato ===
[2026-04-22 19:40:02] Sacro Cuore Negrar: 0 slot
[2026-04-22 19:40:20] Clinica San Francesco Verona: 0 slot
[2026-04-22 19:40:36] Clinica San Francesco (alt): 0 slot
[2026-04-22 19:40:36] ✉️ Telegram OK
[2026-04-22 19:40:36] === Check completato ===
[2026-04-22 19:45:01] === Check avviato ===
[2026-04-22 19:45:02] Sacro Cuore Negrar: 0 slot
[2026-04-22 19:45:20] Clinica San Francesco Verona: 0 slot
[2026-04-22 19:45:37] Clinica San Francesco (alt): 0 slot
[2026-04-22 19:45:37] ✉️ Telegram OK
[2026-04-22 19:45:37] === Check completato ===
[2026-04-22 19:45:01] === Check avviato ===
[2026-04-22 19:45:02] Sacro Cuore Negrar: 0 slot
[2026-04-22 19:45:20] Clinica San Francesco Verona: 0 slot
[2026-04-22 19:45:37] Clinica San Francesco (alt): 0 slot
[2026-04-22 19:45:37] ✉️ Telegram OK
[2026-04-22 19:45:37] === Check completato ===
[2026-04-22 19:50:01] === Check avviato ===
[2026-04-22 19:50:02] Sacro Cuore Negrar: 0 slot
[2026-04-22 19:50:21] Clinica San Francesco Verona: 0 slot
[2026-04-22 19:50:37] Clinica San Francesco (alt): 0 slot
[2026-04-22 19:50:37] ✉️ Telegram OK
[2026-04-22 19:50:37] === Check completato ===
[2026-04-22 19:50:01] === Check avviato ===
[2026-04-22 19:50:02] Sacro Cuore Negrar: 0 slot
[2026-04-22 19:50:21] Clinica San Francesco Verona: 0 slot
[2026-04-22 19:50:37] Clinica San Francesco (alt): 0 slot
[2026-04-22 19:50:37] ✉️ Telegram OK
[2026-04-22 19:50:37] === Check completato ===
[2026-04-22 19:55:02] === Check avviato ===
[2026-04-22 19:55:02] Sacro Cuore Negrar: 0 slot
[2026-04-22 19:55:19] Clinica San Francesco Verona: 0 slot
[2026-04-22 19:55:36] Clinica San Francesco (alt): 0 slot
[2026-04-22 19:55:36] ✉️ Telegram OK
[2026-04-22 19:55:36] === Check completato ===
[2026-04-22 19:55:02] === Check avviato ===
[2026-04-22 19:55:02] Sacro Cuore Negrar: 0 slot
[2026-04-22 19:55:19] Clinica San Francesco Verona: 0 slot
[2026-04-22 19:55:36] Clinica San Francesco (alt): 0 slot
[2026-04-22 19:55:36] ✉️ Telegram OK
[2026-04-22 19:55:36] === Check completato ===
[2026-04-22 20:00:04] === Check avviato ===
[2026-04-22 20:00:05] Sacro Cuore Negrar: 0 slot
[2026-04-22 20:00:22] Clinica San Francesco Verona: 0 slot
[2026-04-22 20:00:38] Clinica San Francesco (alt): 0 slot
[2026-04-22 20:00:38] ✉️ Telegram OK
[2026-04-22 20:00:38] === Check completato ===
[2026-04-22 20:00:04] === Check avviato ===
[2026-04-22 20:00:05] Sacro Cuore Negrar: 0 slot
[2026-04-22 20:00:22] Clinica San Francesco Verona: 0 slot
[2026-04-22 20:00:38] Clinica San Francesco (alt): 0 slot
[2026-04-22 20:00:38] ✉️ Telegram OK
[2026-04-22 20:00:38] === Check completato ===
[2026-04-22 20:05:02] === Check avviato ===
[2026-04-22 20:05:02] Sacro Cuore Negrar: 0 slot
[2026-04-22 20:05:20] Clinica San Francesco Verona: 0 slot
[2026-04-22 20:05:37] Clinica San Francesco (alt): 0 slot
[2026-04-22 20:05:38] ✉️ Telegram OK
[2026-04-22 20:05:38] === Check completato ===
[2026-04-22 20:05:02] === Check avviato ===
[2026-04-22 20:05:02] Sacro Cuore Negrar: 0 slot
[2026-04-22 20:05:20] Clinica San Francesco Verona: 0 slot
[2026-04-22 20:05:37] Clinica San Francesco (alt): 0 slot
[2026-04-22 20:05:38] ✉️ Telegram OK
[2026-04-22 20:05:38] === Check completato ===
[2026-04-22 20:10:01] === Check avviato ===
[2026-04-22 20:10:02] Sacro Cuore Negrar: 0 slot
[2026-04-22 20:10:18] Clinica San Francesco Verona: 0 slot
[2026-04-22 20:10:35] Clinica San Francesco (alt): 0 slot
[2026-04-22 20:10:35] ✉️ Telegram OK
[2026-04-22 20:10:35] === Check completato ===
[2026-04-22 20:10:01] === Check avviato ===
[2026-04-22 20:10:02] Sacro Cuore Negrar: 0 slot
[2026-04-22 20:10:18] Clinica San Francesco Verona: 0 slot
[2026-04-22 20:10:35] Clinica San Francesco (alt): 0 slot
[2026-04-22 20:10:35] ✉️ Telegram OK
[2026-04-22 20:10:35] === Check completato ===
[2026-04-22 20:15:02] === Check avviato ===
[2026-04-22 20:15:08] Sacro Cuore Negrar: 0 slot
[2026-04-22 20:15:25] Clinica San Francesco Verona: 0 slot
[2026-04-22 20:15:41] Clinica San Francesco (alt): 0 slot
[2026-04-22 20:15:41] ✉️ Telegram OK
[2026-04-22 20:15:41] === Check completato ===
[2026-04-22 20:15:02] === Check avviato ===
[2026-04-22 20:15:08] Sacro Cuore Negrar: 0 slot
[2026-04-22 20:15:25] Clinica San Francesco Verona: 0 slot
[2026-04-22 20:15:41] Clinica San Francesco (alt): 0 slot
[2026-04-22 20:15:41] ✉️ Telegram OK
[2026-04-22 20:15:41] === Check completato ===
[2026-04-22 20:20:02] === Check avviato ===
[2026-04-22 20:20:03] Sacro Cuore Negrar: 0 slot
[2026-04-22 20:20:20] Clinica San Francesco Verona: 0 slot
[2026-04-22 20:20:36] Clinica San Francesco (alt): 0 slot
[2026-04-22 20:20:36] ✉️ Telegram OK
[2026-04-22 20:20:36] === Check completato ===
[2026-04-22 20:20:02] === Check avviato ===
[2026-04-22 20:20:03] Sacro Cuore Negrar: 0 slot
[2026-04-22 20:20:20] Clinica San Francesco Verona: 0 slot
[2026-04-22 20:20:36] Clinica San Francesco (alt): 0 slot
[2026-04-22 20:20:36] ✉️ Telegram OK
[2026-04-22 20:20:36] === Check completato ===
[2026-04-22 20:25:02] === Check avviato ===
[2026-04-22 20:25:02] Sacro Cuore Negrar: 0 slot
[2026-04-22 20:25:19] Clinica San Francesco Verona: 0 slot
[2026-04-22 20:25:36] Clinica San Francesco (alt): 0 slot
[2026-04-22 20:25:36] ✉️ Telegram OK
[2026-04-22 20:25:36] === Check completato ===
[2026-04-22 20:25:02] === Check avviato ===
[2026-04-22 20:25:02] Sacro Cuore Negrar: 0 slot
[2026-04-22 20:25:19] Clinica San Francesco Verona: 0 slot
[2026-04-22 20:25:36] Clinica San Francesco (alt): 0 slot
[2026-04-22 20:25:36] ✉️ Telegram OK
[2026-04-22 20:25:36] === Check completato ===
[2026-04-22 20:30:02] === Check avviato ===
[2026-04-22 20:30:03] Sacro Cuore Negrar: 0 slot
[2026-04-22 20:30:20] Clinica San Francesco Verona: 0 slot
[2026-04-22 20:30:36] Clinica San Francesco (alt): 0 slot
[2026-04-22 20:30:36] ✉️ Telegram OK
[2026-04-22 20:30:36] === Check completato ===
[2026-04-22 20:30:02] === Check avviato ===
[2026-04-22 20:30:03] Sacro Cuore Negrar: 0 slot
[2026-04-22 20:30:20] Clinica San Francesco Verona: 0 slot
[2026-04-22 20:30:36] Clinica San Francesco (alt): 0 slot
[2026-04-22 20:30:36] ✉️ Telegram OK
[2026-04-22 20:30:36] === Check completato ===
[2026-04-22 20:35:01] === Check avviato ===
[2026-04-22 20:35:02] Sacro Cuore Negrar: 0 slot
[2026-04-22 20:35:19] Clinica San Francesco Verona: 0 slot
[2026-04-22 20:35:35] Clinica San Francesco (alt): 0 slot
[2026-04-22 20:35:35] ✉️ Telegram OK
[2026-04-22 20:35:35] === Check completato ===
[2026-04-22 20:35:01] === Check avviato ===
[2026-04-22 20:35:02] Sacro Cuore Negrar: 0 slot
[2026-04-22 20:35:19] Clinica San Francesco Verona: 0 slot
[2026-04-22 20:35:35] Clinica San Francesco (alt): 0 slot
[2026-04-22 20:35:35] ✉️ Telegram OK
[2026-04-22 20:35:35] === Check completato ===
[2026-04-22 20:40:01] === Check avviato ===
[2026-04-22 20:40:02] Sacro Cuore Negrar: 0 slot
[2026-04-22 20:40:18] Clinica San Francesco Verona: 0 slot
[2026-04-22 20:40:35] Clinica San Francesco (alt): 0 slot
[2026-04-22 20:40:35] ✉️ Telegram OK
[2026-04-22 20:40:35] === Check completato ===
[2026-04-22 20:40:01] === Check avviato ===
[2026-04-22 20:40:02] Sacro Cuore Negrar: 0 slot
[2026-04-22 20:40:18] Clinica San Francesco Verona: 0 slot
[2026-04-22 20:40:35] Clinica San Francesco (alt): 0 slot
[2026-04-22 20:40:35] ✉️ Telegram OK
[2026-04-22 20:40:35] === Check completato ===
[2026-04-22 20:45:01] === Check avviato ===
[2026-04-22 20:45:02] Sacro Cuore Negrar: 0 slot
[2026-04-22 20:45:19] Clinica San Francesco Verona: 0 slot
[2026-04-22 20:45:36] Clinica San Francesco (alt): 0 slot
[2026-04-22 20:45:36] ✉️ Telegram OK
[2026-04-22 20:45:36] === Check completato ===
[2026-04-22 20:45:01] === Check avviato ===
[2026-04-22 20:45:02] Sacro Cuore Negrar: 0 slot
[2026-04-22 20:45:19] Clinica San Francesco Verona: 0 slot
[2026-04-22 20:45:36] Clinica San Francesco (alt): 0 slot
[2026-04-22 20:45:36] ✉️ Telegram OK
[2026-04-22 20:45:36] === Check completato ===
[2026-04-22 20:50:02] === Check avviato ===
[2026-04-22 20:50:02] Sacro Cuore Negrar: 0 slot
[2026-04-22 20:50:20] Clinica San Francesco Verona: 0 slot
[2026-04-22 20:50:37] Clinica San Francesco (alt): 0 slot
[2026-04-22 20:50:37] ✉️ Telegram OK
[2026-04-22 20:50:37] === Check completato ===
[2026-04-22 20:50:02] === Check avviato ===
[2026-04-22 20:50:02] Sacro Cuore Negrar: 0 slot
[2026-04-22 20:50:20] Clinica San Francesco Verona: 0 slot
[2026-04-22 20:50:37] Clinica San Francesco (alt): 0 slot
[2026-04-22 20:50:37] ✉️ Telegram OK
[2026-04-22 20:50:37] === Check completato ===
[2026-04-22 20:55:01] === Check avviato ===
[2026-04-22 20:55:01] Sacro Cuore Negrar: 0 slot
[2026-04-22 20:55:18] Clinica San Francesco Verona: 0 slot
[2026-04-22 20:55:34] Clinica San Francesco (alt): 0 slot
[2026-04-22 20:55:34] ✉️ Telegram OK
[2026-04-22 20:55:34] === Check completato ===
[2026-04-22 20:55:01] === Check avviato ===
[2026-04-22 20:55:01] Sacro Cuore Negrar: 0 slot
[2026-04-22 20:55:18] Clinica San Francesco Verona: 0 slot
[2026-04-22 20:55:34] Clinica San Francesco (alt): 0 slot
[2026-04-22 20:55:34] ✉️ Telegram OK
[2026-04-22 20:55:34] === Check completato ===
[2026-04-22 21:00:05] === Check avviato ===
[2026-04-22 21:00:06] Sacro Cuore Negrar: 0 slot
[2026-04-22 21:00:23] Clinica San Francesco Verona: 0 slot
[2026-04-22 21:00:39] Clinica San Francesco (alt): 0 slot
[2026-04-22 21:00:39] ✉️ Telegram OK
[2026-04-22 21:00:39] === Check completato ===
[2026-04-22 21:00:05] === Check avviato ===
[2026-04-22 21:00:06] Sacro Cuore Negrar: 0 slot
[2026-04-22 21:00:23] Clinica San Francesco Verona: 0 slot
[2026-04-22 21:00:39] Clinica San Francesco (alt): 0 slot
[2026-04-22 21:00:39] ✉️ Telegram OK
[2026-04-22 21:00:39] === Check completato ===
[2026-04-22 21:05:01] === Check avviato ===
[2026-04-22 21:05:02] Sacro Cuore Negrar: 0 slot
[2026-04-22 21:05:18] Clinica San Francesco Verona: 0 slot
[2026-04-22 21:05:35] Clinica San Francesco (alt): 0 slot
[2026-04-22 21:05:35] ✉️ Telegram OK
[2026-04-22 21:05:35] === Check completato ===
[2026-04-22 21:05:01] === Check avviato ===
[2026-04-22 21:05:02] Sacro Cuore Negrar: 0 slot
[2026-04-22 21:05:18] Clinica San Francesco Verona: 0 slot
[2026-04-22 21:05:35] Clinica San Francesco (alt): 0 slot
[2026-04-22 21:05:35] ✉️ Telegram OK
[2026-04-22 21:05:35] === Check completato ===
[2026-04-22 21:10:02] === Check avviato ===
[2026-04-22 21:10:03] Sacro Cuore Negrar: 0 slot
[2026-04-22 21:10:20] Clinica San Francesco Verona: 0 slot
[2026-04-22 21:10:37] Clinica San Francesco (alt): 0 slot
[2026-04-22 21:10:37] ✉️ Telegram OK
[2026-04-22 21:10:37] === Check completato ===
[2026-04-22 21:10:02] === Check avviato ===
[2026-04-22 21:10:03] Sacro Cuore Negrar: 0 slot
[2026-04-22 21:10:20] Clinica San Francesco Verona: 0 slot
[2026-04-22 21:10:37] Clinica San Francesco (alt): 0 slot
[2026-04-22 21:10:37] ✉️ Telegram OK
[2026-04-22 21:10:37] === Check completato ===
[2026-04-22 21:15:02] === Check avviato ===
[2026-04-22 21:15:02] Sacro Cuore Negrar: 0 slot
[2026-04-22 21:15:21] Clinica San Francesco Verona: 0 slot
[2026-04-22 21:15:37] Clinica San Francesco (alt): 0 slot
[2026-04-22 21:15:37] ✉️ Telegram OK
[2026-04-22 21:15:37] === Check completato ===
[2026-04-22 21:15:02] === Check avviato ===
[2026-04-22 21:15:02] Sacro Cuore Negrar: 0 slot
[2026-04-22 21:15:21] Clinica San Francesco Verona: 0 slot
[2026-04-22 21:15:37] Clinica San Francesco (alt): 0 slot
[2026-04-22 21:15:37] ✉️ Telegram OK
[2026-04-22 21:15:37] === Check completato ===
[2026-04-22 21:20:02] === Check avviato ===
[2026-04-22 21:20:04] Sacro Cuore Negrar: 0 slot
[2026-04-22 21:20:21] Clinica San Francesco Verona: 0 slot
[2026-04-22 21:20:37] Clinica San Francesco (alt): 0 slot
[2026-04-22 21:20:37] ✉️ Telegram OK
[2026-04-22 21:20:37] === Check completato ===
[2026-04-22 21:20:02] === Check avviato ===
[2026-04-22 21:20:04] Sacro Cuore Negrar: 0 slot
[2026-04-22 21:20:21] Clinica San Francesco Verona: 0 slot
[2026-04-22 21:20:37] Clinica San Francesco (alt): 0 slot
[2026-04-22 21:20:37] ✉️ Telegram OK
[2026-04-22 21:20:37] === Check completato ===
[2026-04-22 21:25:02] === Check avviato ===
[2026-04-22 21:25:02] Sacro Cuore Negrar: 0 slot
[2026-04-22 21:25:20] Clinica San Francesco Verona: 0 slot
[2026-04-22 21:25:36] Clinica San Francesco (alt): 0 slot
[2026-04-22 21:25:36] ✉️ Telegram OK
[2026-04-22 21:25:36] === Check completato ===
[2026-04-22 21:25:02] === Check avviato ===
[2026-04-22 21:25:02] Sacro Cuore Negrar: 0 slot
[2026-04-22 21:25:20] Clinica San Francesco Verona: 0 slot
[2026-04-22 21:25:36] Clinica San Francesco (alt): 0 slot
[2026-04-22 21:25:36] ✉️ Telegram OK
[2026-04-22 21:25:36] === Check completato ===
[2026-04-22 21:30:03] === Check avviato ===
[2026-04-22 21:30:03] Sacro Cuore Negrar: 0 slot
[2026-04-22 21:30:20] Clinica San Francesco Verona: 0 slot
[2026-04-22 21:30:36] Clinica San Francesco (alt): 0 slot
[2026-04-22 21:30:36] ✉️ Telegram OK
[2026-04-22 21:30:36] === Check completato ===
[2026-04-22 21:30:03] === Check avviato ===
[2026-04-22 21:30:03] Sacro Cuore Negrar: 0 slot
[2026-04-22 21:30:20] Clinica San Francesco Verona: 0 slot
[2026-04-22 21:30:36] Clinica San Francesco (alt): 0 slot
[2026-04-22 21:30:36] ✉️ Telegram OK
[2026-04-22 21:30:36] === Check completato ===
[2026-04-22 21:35:02] === Check avviato ===
[2026-04-22 21:35:02] Sacro Cuore Negrar: 0 slot
[2026-04-22 21:35:18] Clinica San Francesco Verona: 0 slot
[2026-04-22 21:35:36] Clinica San Francesco (alt): 0 slot
[2026-04-22 21:35:36] ✉️ Telegram OK
[2026-04-22 21:35:36] === Check completato ===
[2026-04-22 21:35:02] === Check avviato ===
[2026-04-22 21:35:02] Sacro Cuore Negrar: 0 slot
[2026-04-22 21:35:18] Clinica San Francesco Verona: 0 slot
[2026-04-22 21:35:36] Clinica San Francesco (alt): 0 slot
[2026-04-22 21:35:36] ✉️ Telegram OK
[2026-04-22 21:35:36] === Check completato ===
[2026-04-22 21:40:02] === Check avviato ===
[2026-04-22 21:40:03] Sacro Cuore Negrar: 0 slot
[2026-04-22 21:40:20] Clinica San Francesco Verona: 0 slot
[2026-04-22 21:40:36] Clinica San Francesco (alt): 0 slot
[2026-04-22 21:40:36] ✉️ Telegram OK
[2026-04-22 21:40:36] === Check completato ===
[2026-04-22 21:40:02] === Check avviato ===
[2026-04-22 21:40:03] Sacro Cuore Negrar: 0 slot
[2026-04-22 21:40:20] Clinica San Francesco Verona: 0 slot
[2026-04-22 21:40:36] Clinica San Francesco (alt): 0 slot
[2026-04-22 21:40:36] ✉️ Telegram OK
[2026-04-22 21:40:36] === Check completato ===
[2026-04-22 21:45:01] === Check avviato ===
[2026-04-22 21:45:02] Sacro Cuore Negrar: 0 slot
[2026-04-22 21:45:19] Clinica San Francesco Verona: 0 slot
[2026-04-22 21:45:37] Clinica San Francesco (alt): 0 slot
[2026-04-22 21:45:37] ✉️ Telegram OK
[2026-04-22 21:45:37] === Check completato ===
[2026-04-22 21:45:01] === Check avviato ===
[2026-04-22 21:45:02] Sacro Cuore Negrar: 0 slot
[2026-04-22 21:45:19] Clinica San Francesco Verona: 0 slot
[2026-04-22 21:45:37] Clinica San Francesco (alt): 0 slot
[2026-04-22 21:45:37] ✉️ Telegram OK
[2026-04-22 21:45:37] === Check completato ===
[2026-04-22 21:50:03] === Check avviato ===
[2026-04-22 21:50:03] Sacro Cuore Negrar: 0 slot
[2026-04-22 21:50:20] Clinica San Francesco Verona: 0 slot
[2026-04-22 21:50:37] Clinica San Francesco (alt): 0 slot
[2026-04-22 21:50:37] ✉️ Telegram OK
[2026-04-22 21:50:37] === Check completato ===
[2026-04-22 21:50:03] === Check avviato ===
[2026-04-22 21:50:03] Sacro Cuore Negrar: 0 slot
[2026-04-22 21:50:20] Clinica San Francesco Verona: 0 slot
[2026-04-22 21:50:37] Clinica San Francesco (alt): 0 slot
[2026-04-22 21:50:37] ✉️ Telegram OK
[2026-04-22 21:50:37] === Check completato ===
[2026-04-22 21:55:01] === Check avviato ===
[2026-04-22 21:55:02] Sacro Cuore Negrar: 0 slot
[2026-04-22 21:55:19] Clinica San Francesco Verona: 0 slot
[2026-04-22 21:55:35] Clinica San Francesco (alt): 0 slot
[2026-04-22 21:55:35] ✉️ Telegram OK
[2026-04-22 21:55:35] === Check completato ===
[2026-04-22 21:55:01] === Check avviato ===
[2026-04-22 21:55:02] Sacro Cuore Negrar: 0 slot
[2026-04-22 21:55:19] Clinica San Francesco Verona: 0 slot
[2026-04-22 21:55:35] Clinica San Francesco (alt): 0 slot
[2026-04-22 21:55:35] ✉️ Telegram OK
[2026-04-22 21:55:35] === Check completato ===
[2026-04-22 22:00:04] === Check avviato ===
[2026-04-22 22:00:04] Sacro Cuore Negrar: 0 slot
[2026-04-22 22:00:22] Clinica San Francesco Verona: 0 slot
[2026-04-22 22:00:39] Clinica San Francesco (alt): 0 slot
[2026-04-22 22:00:39] ✉️ Telegram OK
[2026-04-22 22:00:39] === Check completato ===
[2026-04-22 22:00:04] === Check avviato ===
[2026-04-22 22:00:04] Sacro Cuore Negrar: 0 slot
[2026-04-22 22:00:22] Clinica San Francesco Verona: 0 slot
[2026-04-22 22:00:39] Clinica San Francesco (alt): 0 slot
[2026-04-22 22:00:39] ✉️ Telegram OK
[2026-04-22 22:00:39] === Check completato ===
[2026-04-22 22:05:02] === Check avviato ===
[2026-04-22 22:05:03] Sacro Cuore Negrar: 0 slot
[2026-04-22 22:05:21] Clinica San Francesco Verona: 0 slot
[2026-04-22 22:05:38] Clinica San Francesco (alt): 0 slot
[2026-04-22 22:05:38] ✉️ Telegram OK
[2026-04-22 22:05:38] === Check completato ===
[2026-04-22 22:05:02] === Check avviato ===
[2026-04-22 22:05:03] Sacro Cuore Negrar: 0 slot
[2026-04-22 22:05:21] Clinica San Francesco Verona: 0 slot
[2026-04-22 22:05:38] Clinica San Francesco (alt): 0 slot
[2026-04-22 22:05:38] ✉️ Telegram OK
[2026-04-22 22:05:38] === Check completato ===
[2026-04-22 22:10:01] === Check avviato ===
[2026-04-22 22:10:02] Sacro Cuore Negrar: 0 slot
[2026-04-22 22:10:19] Clinica San Francesco Verona: 0 slot
[2026-04-22 22:10:35] Clinica San Francesco (alt): 0 slot
[2026-04-22 22:10:35] ✉️ Telegram OK
[2026-04-22 22:10:35] === Check completato ===
[2026-04-22 22:10:01] === Check avviato ===
[2026-04-22 22:10:02] Sacro Cuore Negrar: 0 slot
[2026-04-22 22:10:19] Clinica San Francesco Verona: 0 slot
[2026-04-22 22:10:35] Clinica San Francesco (alt): 0 slot
[2026-04-22 22:10:35] ✉️ Telegram OK
[2026-04-22 22:10:35] === Check completato ===
[2026-04-22 22:15:02] === Check avviato ===
[2026-04-22 22:15:02] Sacro Cuore Negrar: 0 slot
[2026-04-22 22:15:19] Clinica San Francesco Verona: 0 slot
[2026-04-22 22:15:35] Clinica San Francesco (alt): 0 slot
[2026-04-22 22:15:35] ✉️ Telegram OK
[2026-04-22 22:15:35] === Check completato ===
[2026-04-22 22:15:02] === Check avviato ===
[2026-04-22 22:15:02] Sacro Cuore Negrar: 0 slot
[2026-04-22 22:15:19] Clinica San Francesco Verona: 0 slot
[2026-04-22 22:15:35] Clinica San Francesco (alt): 0 slot
[2026-04-22 22:15:35] ✉️ Telegram OK
[2026-04-22 22:15:35] === Check completato ===
[2026-04-22 22:20:02] === Check avviato ===
[2026-04-22 22:20:02] Sacro Cuore Negrar: 0 slot
[2026-04-22 22:20:18] Clinica San Francesco Verona: 0 slot
[2026-04-22 22:20:34] Clinica San Francesco (alt): 0 slot
[2026-04-22 22:20:34] ✉️ Telegram OK
[2026-04-22 22:20:34] === Check completato ===
[2026-04-22 22:20:02] === Check avviato ===
[2026-04-22 22:20:02] Sacro Cuore Negrar: 0 slot
[2026-04-22 22:20:18] Clinica San Francesco Verona: 0 slot
[2026-04-22 22:20:34] Clinica San Francesco (alt): 0 slot
[2026-04-22 22:20:34] ✉️ Telegram OK
[2026-04-22 22:20:34] === Check completato ===
[2026-04-22 22:25:01] === Check avviato ===
[2026-04-22 22:25:02] Sacro Cuore Negrar: 0 slot
[2026-04-22 22:25:19] Clinica San Francesco Verona: 0 slot
[2026-04-22 22:25:36] Clinica San Francesco (alt): 0 slot
[2026-04-22 22:25:36] ✉️ Telegram OK
[2026-04-22 22:25:36] === Check completato ===
[2026-04-22 22:25:01] === Check avviato ===
[2026-04-22 22:25:02] Sacro Cuore Negrar: 0 slot
[2026-04-22 22:25:19] Clinica San Francesco Verona: 0 slot
[2026-04-22 22:25:36] Clinica San Francesco (alt): 0 slot
[2026-04-22 22:25:36] ✉️ Telegram OK
[2026-04-22 22:25:36] === Check completato ===
[2026-04-22 22:30:02] === Check avviato ===
[2026-04-22 22:30:03] Sacro Cuore Negrar: 0 slot
[2026-04-22 22:30:19] Clinica San Francesco Verona: 0 slot
[2026-04-22 22:30:37] Clinica San Francesco (alt): 0 slot
[2026-04-22 22:30:37] ✉️ Telegram OK
[2026-04-22 22:30:37] === Check completato ===
[2026-04-22 22:30:02] === Check avviato ===
[2026-04-22 22:30:03] Sacro Cuore Negrar: 0 slot
[2026-04-22 22:30:19] Clinica San Francesco Verona: 0 slot
[2026-04-22 22:30:37] Clinica San Francesco (alt): 0 slot
[2026-04-22 22:30:37] ✉️ Telegram OK
[2026-04-22 22:30:37] === Check completato ===
[2026-04-22 22:35:01] === Check avviato ===
[2026-04-22 22:35:01] Sacro Cuore Negrar: 0 slot
[2026-04-22 22:35:20] Clinica San Francesco Verona: 0 slot
[2026-04-22 22:35:36] Clinica San Francesco (alt): 0 slot
[2026-04-22 22:35:36] ✉️ Telegram OK
[2026-04-22 22:35:36] === Check completato ===
[2026-04-22 22:35:01] === Check avviato ===
[2026-04-22 22:35:01] Sacro Cuore Negrar: 0 slot
[2026-04-22 22:35:20] Clinica San Francesco Verona: 0 slot
[2026-04-22 22:35:36] Clinica San Francesco (alt): 0 slot
[2026-04-22 22:35:36] ✉️ Telegram OK
[2026-04-22 22:35:36] === Check completato ===
[2026-04-22 22:40:02] === Check avviato ===
[2026-04-22 22:40:02] Sacro Cuore Negrar: 0 slot
[2026-04-22 22:40:18] Clinica San Francesco Verona: 0 slot
[2026-04-22 22:40:35] Clinica San Francesco (alt): 0 slot
[2026-04-22 22:40:35] ✉️ Telegram OK
[2026-04-22 22:40:35] === Check completato ===
[2026-04-22 22:40:02] === Check avviato ===
[2026-04-22 22:40:02] Sacro Cuore Negrar: 0 slot
[2026-04-22 22:40:18] Clinica San Francesco Verona: 0 slot
[2026-04-22 22:40:35] Clinica San Francesco (alt): 0 slot
[2026-04-22 22:40:35] ✉️ Telegram OK
[2026-04-22 22:40:35] === Check completato ===
[2026-04-22 22:45:02] === Check avviato ===
[2026-04-22 22:45:02] Sacro Cuore Negrar: 0 slot
[2026-04-22 22:45:20] Clinica San Francesco Verona: 0 slot
[2026-04-22 22:45:36] Clinica San Francesco (alt): 0 slot
[2026-04-22 22:45:36] ✉️ Telegram OK
[2026-04-22 22:45:36] === Check completato ===
[2026-04-22 22:45:02] === Check avviato ===
[2026-04-22 22:45:02] Sacro Cuore Negrar: 0 slot
[2026-04-22 22:45:20] Clinica San Francesco Verona: 0 slot
[2026-04-22 22:45:36] Clinica San Francesco (alt): 0 slot
[2026-04-22 22:45:36] ✉️ Telegram OK
[2026-04-22 22:45:36] === Check completato ===
[2026-04-22 22:50:01] === Check avviato ===
[2026-04-22 22:50:02] Sacro Cuore Negrar: 0 slot
[2026-04-22 22:50:20] Clinica San Francesco Verona: 0 slot
[2026-04-22 22:50:37] Clinica San Francesco (alt): 0 slot
[2026-04-22 22:50:37] ✉️ Telegram OK
[2026-04-22 22:50:37] === Check completato ===
[2026-04-22 22:50:01] === Check avviato ===
[2026-04-22 22:50:02] Sacro Cuore Negrar: 0 slot
[2026-04-22 22:50:20] Clinica San Francesco Verona: 0 slot
[2026-04-22 22:50:37] Clinica San Francesco (alt): 0 slot
[2026-04-22 22:50:37] ✉️ Telegram OK
[2026-04-22 22:50:37] === Check completato ===
[2026-04-22 22:55:02] === Check avviato ===
[2026-04-22 22:55:03] Sacro Cuore Negrar: 0 slot
[2026-04-22 22:55:23] ⚠️ Clinica San Francesco Verona: HTTPSConnectionPool(host='app.tuotempo.com', port=443): Read timed out. (read timeout=20)
[2026-04-22 22:55:23] Clinica San Francesco Verona: 0 slot
[2026-04-22 22:55:43] ⚠️ Clinica San Francesco (alt): HTTPSConnectionPool(host='app.tuotempo.com', port=443): Read timed out. (read timeout=20)
[2026-04-22 22:55:43] Clinica San Francesco (alt): 0 slot
[2026-04-22 22:55:43] ✉️ Telegram OK
[2026-04-22 22:55:43] === Check completato ===
[2026-04-22 22:55:02] === Check avviato ===
[2026-04-22 22:55:03] Sacro Cuore Negrar: 0 slot
[2026-04-22 22:55:23] ⚠️ Clinica San Francesco Verona: HTTPSConnectionPool(host='app.tuotempo.com', port=443): Read timed out. (read timeout=20)
[2026-04-22 22:55:23] Clinica San Francesco Verona: 0 slot
[2026-04-22 22:55:43] ⚠️ Clinica San Francesco (alt): HTTPSConnectionPool(host='app.tuotempo.com', port=443): Read timed out. (read timeout=20)
[2026-04-22 22:55:43] Clinica San Francesco (alt): 0 slot
[2026-04-22 22:55:43] ✉️ Telegram OK
[2026-04-22 22:55:43] === Check completato ===
[2026-04-22 23:00:02] === Check avviato ===
[2026-04-22 23:00:03] Sacro Cuore Negrar: 0 slot
[2026-04-22 23:00:21] Clinica San Francesco Verona: 0 slot
[2026-04-22 23:00:38] Clinica San Francesco (alt): 0 slot
[2026-04-22 23:00:39] ✉️ Telegram OK
[2026-04-22 23:00:39] === Check completato ===
[2026-04-22 23:00:02] === Check avviato ===
[2026-04-22 23:00:03] Sacro Cuore Negrar: 0 slot
[2026-04-22 23:00:21] Clinica San Francesco Verona: 0 slot
[2026-04-22 23:00:38] Clinica San Francesco (alt): 0 slot
[2026-04-22 23:00:39] ✉️ Telegram OK
[2026-04-22 23:00:39] === Check completato ===
[2026-04-22 23:05:01] === Check avviato ===
[2026-04-22 23:05:02] Sacro Cuore Negrar: 0 slot
[2026-04-22 23:05:18] Clinica San Francesco Verona: 0 slot
[2026-04-22 23:05:37] Clinica San Francesco (alt): 0 slot
[2026-04-22 23:05:37] ✉️ Telegram OK
[2026-04-22 23:05:37] === Check completato ===
[2026-04-22 23:05:01] === Check avviato ===
[2026-04-22 23:05:02] Sacro Cuore Negrar: 0 slot
[2026-04-22 23:05:18] Clinica San Francesco Verona: 0 slot
[2026-04-22 23:05:37] Clinica San Francesco (alt): 0 slot
[2026-04-22 23:05:37] ✉️ Telegram OK
[2026-04-22 23:05:37] === Check completato ===
[2026-04-22 23:10:02] === Check avviato ===
[2026-04-22 23:10:03] Sacro Cuore Negrar: 0 slot
[2026-04-22 23:10:19] Clinica San Francesco Verona: 0 slot
[2026-04-22 23:10:37] Clinica San Francesco (alt): 0 slot
[2026-04-22 23:10:37] ✉️ Telegram OK
[2026-04-22 23:10:37] === Check completato ===
[2026-04-22 23:10:02] === Check avviato ===
[2026-04-22 23:10:03] Sacro Cuore Negrar: 0 slot
[2026-04-22 23:10:19] Clinica San Francesco Verona: 0 slot
[2026-04-22 23:10:37] Clinica San Francesco (alt): 0 slot
[2026-04-22 23:10:37] ✉️ Telegram OK
[2026-04-22 23:10:37] === Check completato ===
[2026-04-22 23:15:01] === Check avviato ===
[2026-04-22 23:15:02] Sacro Cuore Negrar: 0 slot
[2026-04-22 23:15:19] Clinica San Francesco Verona: 0 slot
[2026-04-22 23:15:39] Clinica San Francesco (alt): 0 slot
[2026-04-22 23:15:39] ✉️ Telegram OK
[2026-04-22 23:15:39] === Check completato ===
[2026-04-22 23:15:01] === Check avviato ===
[2026-04-22 23:15:02] Sacro Cuore Negrar: 0 slot
[2026-04-22 23:15:19] Clinica San Francesco Verona: 0 slot
[2026-04-22 23:15:39] Clinica San Francesco (alt): 0 slot
[2026-04-22 23:15:39] ✉️ Telegram OK
[2026-04-22 23:15:39] === Check completato ===
[2026-04-22 23:20:02] === Check avviato ===
[2026-04-22 23:20:03] Sacro Cuore Negrar: 0 slot
[2026-04-22 23:20:21] Clinica San Francesco Verona: 0 slot
[2026-04-22 23:20:38] Clinica San Francesco (alt): 0 slot
[2026-04-22 23:20:39] ✉️ Telegram OK
[2026-04-22 23:20:39] === Check completato ===
[2026-04-22 23:20:02] === Check avviato ===
[2026-04-22 23:20:03] Sacro Cuore Negrar: 0 slot
[2026-04-22 23:20:21] Clinica San Francesco Verona: 0 slot
[2026-04-22 23:20:38] Clinica San Francesco (alt): 0 slot
[2026-04-22 23:20:39] ✉️ Telegram OK
[2026-04-22 23:20:39] === Check completato ===
[2026-04-22 23:25:02] === Check avviato ===
[2026-04-22 23:25:02] Sacro Cuore Negrar: 0 slot
[2026-04-22 23:25:20] Clinica San Francesco Verona: 0 slot
[2026-04-22 23:25:37] Clinica San Francesco (alt): 0 slot
[2026-04-22 23:25:37] ✉️ Telegram OK
[2026-04-22 23:25:37] === Check completato ===
[2026-04-22 23:25:02] === Check avviato ===
[2026-04-22 23:25:02] Sacro Cuore Negrar: 0 slot
[2026-04-22 23:25:20] Clinica San Francesco Verona: 0 slot
[2026-04-22 23:25:37] Clinica San Francesco (alt): 0 slot
[2026-04-22 23:25:37] ✉️ Telegram OK
[2026-04-22 23:25:37] === Check completato ===
[2026-04-22 23:30:02] === Check avviato ===
[2026-04-22 23:30:03] Sacro Cuore Negrar: 0 slot
[2026-04-22 23:30:20] Clinica San Francesco Verona: 0 slot
[2026-04-22 23:30:38] Clinica San Francesco (alt): 0 slot
[2026-04-22 23:30:38] ✉️ Telegram OK
[2026-04-22 23:30:38] === Check completato ===
[2026-04-22 23:30:02] === Check avviato ===
[2026-04-22 23:30:03] Sacro Cuore Negrar: 0 slot
[2026-04-22 23:30:20] Clinica San Francesco Verona: 0 slot
[2026-04-22 23:30:38] Clinica San Francesco (alt): 0 slot
[2026-04-22 23:30:38] ✉️ Telegram OK
[2026-04-22 23:30:38] === Check completato ===
[2026-04-22 23:35:01] === Check avviato ===
[2026-04-22 23:35:02] Sacro Cuore Negrar: 0 slot
[2026-04-22 23:35:19] Clinica San Francesco Verona: 0 slot
[2026-04-22 23:35:36] Clinica San Francesco (alt): 0 slot
[2026-04-22 23:35:36] ✉️ Telegram OK
[2026-04-22 23:35:36] === Check completato ===
[2026-04-22 23:35:01] === Check avviato ===
[2026-04-22 23:35:02] Sacro Cuore Negrar: 0 slot
[2026-04-22 23:35:19] Clinica San Francesco Verona: 0 slot
[2026-04-22 23:35:36] Clinica San Francesco (alt): 0 slot
[2026-04-22 23:35:36] ✉️ Telegram OK
[2026-04-22 23:35:36] === Check completato ===
[2026-04-22 23:40:02] === Check avviato ===
[2026-04-22 23:40:03] Sacro Cuore Negrar: 0 slot
[2026-04-22 23:40:19] Clinica San Francesco Verona: 0 slot
[2026-04-22 23:40:35] Clinica San Francesco (alt): 0 slot
[2026-04-22 23:40:35] ✉️ Telegram OK
[2026-04-22 23:40:35] === Check completato ===
[2026-04-22 23:40:02] === Check avviato ===
[2026-04-22 23:40:03] Sacro Cuore Negrar: 0 slot
[2026-04-22 23:40:19] Clinica San Francesco Verona: 0 slot
[2026-04-22 23:40:35] Clinica San Francesco (alt): 0 slot
[2026-04-22 23:40:35] ✉️ Telegram OK
[2026-04-22 23:40:35] === Check completato ===
[2026-04-22 23:45:02] === Check avviato ===
[2026-04-22 23:45:03] Sacro Cuore Negrar: 0 slot
[2026-04-22 23:45:22] Clinica San Francesco Verona: 0 slot
[2026-04-22 23:45:39] Clinica San Francesco (alt): 0 slot
[2026-04-22 23:45:39] ✉️ Telegram OK
[2026-04-22 23:45:39] === Check completato ===
[2026-04-22 23:45:02] === Check avviato ===
[2026-04-22 23:45:03] Sacro Cuore Negrar: 0 slot
[2026-04-22 23:45:22] Clinica San Francesco Verona: 0 slot
[2026-04-22 23:45:39] Clinica San Francesco (alt): 0 slot
[2026-04-22 23:45:39] ✉️ Telegram OK
[2026-04-22 23:45:39] === Check completato ===
[2026-04-22 23:50:02] === Check avviato ===
[2026-04-22 23:50:03] Sacro Cuore Negrar: 0 slot
[2026-04-22 23:50:21] Clinica San Francesco Verona: 0 slot
[2026-04-22 23:50:40] Clinica San Francesco (alt): 0 slot
[2026-04-22 23:50:40] ✉️ Telegram OK
[2026-04-22 23:50:40] === Check completato ===
[2026-04-22 23:50:02] === Check avviato ===
[2026-04-22 23:50:03] Sacro Cuore Negrar: 0 slot
[2026-04-22 23:50:21] Clinica San Francesco Verona: 0 slot
[2026-04-22 23:50:40] Clinica San Francesco (alt): 0 slot
[2026-04-22 23:50:40] ✉️ Telegram OK
[2026-04-22 23:50:40] === Check completato ===
[2026-04-22 23:55:01] === Check avviato ===
[2026-04-22 23:55:02] Sacro Cuore Negrar: 0 slot
[2026-04-22 23:55:18] Clinica San Francesco Verona: 0 slot
[2026-04-22 23:55:37] Clinica San Francesco (alt): 0 slot
[2026-04-22 23:55:37] ✉️ Telegram OK
[2026-04-22 23:55:37] === Check completato ===
[2026-04-22 23:55:01] === Check avviato ===
[2026-04-22 23:55:02] Sacro Cuore Negrar: 0 slot
[2026-04-22 23:55:18] Clinica San Francesco Verona: 0 slot
[2026-04-22 23:55:37] Clinica San Francesco (alt): 0 slot
[2026-04-22 23:55:37] ✉️ Telegram OK
[2026-04-22 23:55:37] === Check completato ===
[2026-04-23 00:00:04] === Check avviato ===
[2026-04-23 00:00:04] Sacro Cuore Negrar: 0 slot
[2026-04-23 00:00:05] Clinica San Francesco Verona: 0 slot
[2026-04-23 00:00:06] Clinica San Francesco (alt): 0 slot
[2026-04-23 00:00:06] ✉️ Telegram OK
[2026-04-23 00:00:06] === Check completato ===
[2026-04-23 00:00:04] === Check avviato ===
[2026-04-23 00:00:04] Sacro Cuore Negrar: 0 slot
[2026-04-23 00:00:05] Clinica San Francesco Verona: 0 slot
[2026-04-23 00:00:06] Clinica San Francesco (alt): 0 slot
[2026-04-23 00:00:06] ✉️ Telegram OK
[2026-04-23 00:00:06] === Check completato ===
[2026-04-23 00:05:01] === Check avviato ===
[2026-04-23 00:05:02] Sacro Cuore Negrar: 0 slot
[2026-04-23 00:05:02] Clinica San Francesco Verona: 0 slot
[2026-04-23 00:05:03] Clinica San Francesco (alt): 0 slot
[2026-04-23 00:05:03] ✉️ Telegram OK
[2026-04-23 00:05:03] === Check completato ===
[2026-04-23 00:05:01] === Check avviato ===
[2026-04-23 00:05:02] Sacro Cuore Negrar: 0 slot
[2026-04-23 00:05:02] Clinica San Francesco Verona: 0 slot
[2026-04-23 00:05:03] Clinica San Francesco (alt): 0 slot
[2026-04-23 00:05:03] ✉️ Telegram OK
[2026-04-23 00:05:03] === Check completato ===
[2026-04-23 00:10:01] === Check avviato ===
[2026-04-23 00:10:02] Sacro Cuore Negrar: 0 slot
[2026-04-23 00:10:02] Clinica San Francesco Verona: 0 slot
[2026-04-23 00:10:03] Clinica San Francesco (alt): 0 slot
[2026-04-23 00:10:03] ✉️ Telegram OK
[2026-04-23 00:10:03] === Check completato ===
[2026-04-23 00:10:01] === Check avviato ===
[2026-04-23 00:10:02] Sacro Cuore Negrar: 0 slot
[2026-04-23 00:10:02] Clinica San Francesco Verona: 0 slot
[2026-04-23 00:10:03] Clinica San Francesco (alt): 0 slot
[2026-04-23 00:10:03] ✉️ Telegram OK
[2026-04-23 00:10:03] === Check completato ===
[2026-04-23 00:15:02] === Check avviato ===
[2026-04-23 00:15:03] Sacro Cuore Negrar: 0 slot
[2026-04-23 00:15:03] Clinica San Francesco Verona: 0 slot
[2026-04-23 00:15:04] Clinica San Francesco (alt): 0 slot
[2026-04-23 00:15:04] ✉️ Telegram OK
[2026-04-23 00:15:04] === Check completato ===
[2026-04-23 00:15:02] === Check avviato ===
[2026-04-23 00:15:03] Sacro Cuore Negrar: 0 slot
[2026-04-23 00:15:03] Clinica San Francesco Verona: 0 slot
[2026-04-23 00:15:04] Clinica San Francesco (alt): 0 slot
[2026-04-23 00:15:04] ✉️ Telegram OK
[2026-04-23 00:15:04] === Check completato ===
[2026-04-23 00:20:02] === Check avviato ===
[2026-04-23 00:20:03] Sacro Cuore Negrar: 0 slot
[2026-04-23 00:20:03] Clinica San Francesco Verona: 0 slot
[2026-04-23 00:20:03] Clinica San Francesco (alt): 0 slot
[2026-04-23 00:20:03] ✉️ Telegram OK
[2026-04-23 00:20:03] === Check completato ===
[2026-04-23 00:20:02] === Check avviato ===
[2026-04-23 00:20:03] Sacro Cuore Negrar: 0 slot
[2026-04-23 00:20:03] Clinica San Francesco Verona: 0 slot
[2026-04-23 00:20:03] Clinica San Francesco (alt): 0 slot
[2026-04-23 00:20:03] ✉️ Telegram OK
[2026-04-23 00:20:03] === Check completato ===
[2026-04-23 00:25:02] === Check avviato ===
[2026-04-23 00:25:02] Sacro Cuore Negrar: 0 slot
[2026-04-23 00:25:03] Clinica San Francesco Verona: 0 slot
[2026-04-23 00:25:03] Clinica San Francesco (alt): 0 slot
[2026-04-23 00:25:03] ✉️ Telegram OK
[2026-04-23 00:25:03] === Check completato ===
[2026-04-23 00:25:02] === Check avviato ===
[2026-04-23 00:25:02] Sacro Cuore Negrar: 0 slot
[2026-04-23 00:25:03] Clinica San Francesco Verona: 0 slot
[2026-04-23 00:25:03] Clinica San Francesco (alt): 0 slot
[2026-04-23 00:25:03] ✉️ Telegram OK
[2026-04-23 00:25:03] === Check completato ===
[2026-04-23 00:30:03] === Check avviato ===
[2026-04-23 00:30:03] Sacro Cuore Negrar: 0 slot
[2026-04-23 00:30:04] Clinica San Francesco Verona: 0 slot
[2026-04-23 00:30:04] Clinica San Francesco (alt): 0 slot
[2026-04-23 00:30:04] ✉️ Telegram OK
[2026-04-23 00:30:04] === Check completato ===
[2026-04-23 00:30:03] === Check avviato ===
[2026-04-23 00:30:03] Sacro Cuore Negrar: 0 slot
[2026-04-23 00:30:04] Clinica San Francesco Verona: 0 slot
[2026-04-23 00:30:04] Clinica San Francesco (alt): 0 slot
[2026-04-23 00:30:04] ✉️ Telegram OK
[2026-04-23 00:30:04] === Check completato ===
[2026-04-23 00:35:01] === Check avviato ===
[2026-04-23 00:35:02] Sacro Cuore Negrar: 0 slot
[2026-04-23 00:35:02] Clinica San Francesco Verona: 0 slot
[2026-04-23 00:35:02] Clinica San Francesco (alt): 0 slot
[2026-04-23 00:35:03] ✉️ Telegram OK
[2026-04-23 00:35:03] === Check completato ===
[2026-04-23 00:35:01] === Check avviato ===
[2026-04-23 00:35:02] Sacro Cuore Negrar: 0 slot
[2026-04-23 00:35:02] Clinica San Francesco Verona: 0 slot
[2026-04-23 00:35:02] Clinica San Francesco (alt): 0 slot
[2026-04-23 00:35:03] ✉️ Telegram OK
[2026-04-23 00:35:03] === Check completato ===
[2026-04-23 00:40:02] === Check avviato ===
[2026-04-23 00:40:02] Sacro Cuore Negrar: 0 slot
[2026-04-23 00:40:03] Clinica San Francesco Verona: 0 slot
[2026-04-23 00:40:03] Clinica San Francesco (alt): 0 slot
[2026-04-23 00:40:04] ✉️ Telegram OK
[2026-04-23 00:40:04] === Check completato ===
[2026-04-23 00:40:02] === Check avviato ===
[2026-04-23 00:40:02] Sacro Cuore Negrar: 0 slot
[2026-04-23 00:40:03] Clinica San Francesco Verona: 0 slot
[2026-04-23 00:40:03] Clinica San Francesco (alt): 0 slot
[2026-04-23 00:40:04] ✉️ Telegram OK
[2026-04-23 00:40:04] === Check completato ===
[2026-04-23 00:45:01] === Check avviato ===
[2026-04-23 00:45:02] Sacro Cuore Negrar: 0 slot
[2026-04-23 00:45:03] Clinica San Francesco Verona: 0 slot
[2026-04-23 00:45:03] Clinica San Francesco (alt): 0 slot
[2026-04-23 00:45:03] ✉️ Telegram OK
[2026-04-23 00:45:03] === Check completato ===
[2026-04-23 00:45:01] === Check avviato ===
[2026-04-23 00:45:02] Sacro Cuore Negrar: 0 slot
[2026-04-23 00:45:03] Clinica San Francesco Verona: 0 slot
[2026-04-23 00:45:03] Clinica San Francesco (alt): 0 slot
[2026-04-23 00:45:03] ✉️ Telegram OK
[2026-04-23 00:45:03] === Check completato ===
[2026-04-23 00:50:02] === Check avviato ===
[2026-04-23 00:50:02] Sacro Cuore Negrar: 0 slot
[2026-04-23 00:50:03] Clinica San Francesco Verona: 0 slot
[2026-04-23 00:50:04] Clinica San Francesco (alt): 0 slot
[2026-04-23 00:50:04] ✉️ Telegram OK
[2026-04-23 00:50:04] === Check completato ===
[2026-04-23 00:50:02] === Check avviato ===
[2026-04-23 00:50:02] Sacro Cuore Negrar: 0 slot
[2026-04-23 00:50:03] Clinica San Francesco Verona: 0 slot
[2026-04-23 00:50:04] Clinica San Francesco (alt): 0 slot
[2026-04-23 00:50:04] ✉️ Telegram OK
[2026-04-23 00:50:04] === Check completato ===
[2026-04-23 00:55:01] === Check avviato ===
[2026-04-23 00:55:02] Sacro Cuore Negrar: 0 slot
[2026-04-23 00:55:02] Clinica San Francesco Verona: 0 slot
[2026-04-23 00:55:03] Clinica San Francesco (alt): 0 slot
[2026-04-23 00:55:03] ✉️ Telegram OK
[2026-04-23 00:55:03] === Check completato ===
[2026-04-23 00:55:01] === Check avviato ===
[2026-04-23 00:55:02] Sacro Cuore Negrar: 0 slot
[2026-04-23 00:55:02] Clinica San Francesco Verona: 0 slot
[2026-04-23 00:55:03] Clinica San Francesco (alt): 0 slot
[2026-04-23 00:55:03] ✉️ Telegram OK
[2026-04-23 00:55:03] === Check completato ===
[2026-04-23 01:00:03] === Check avviato ===
[2026-04-23 01:00:03] Sacro Cuore Negrar: 0 slot
[2026-04-23 01:00:04] Clinica San Francesco Verona: 0 slot
[2026-04-23 01:00:04] Clinica San Francesco (alt): 0 slot
[2026-04-23 01:00:05] ✉️ Telegram OK
[2026-04-23 01:00:05] === Check completato ===
[2026-04-23 01:00:03] === Check avviato ===
[2026-04-23 01:00:03] Sacro Cuore Negrar: 0 slot
[2026-04-23 01:00:04] Clinica San Francesco Verona: 0 slot
[2026-04-23 01:00:04] Clinica San Francesco (alt): 0 slot
[2026-04-23 01:00:05] ✉️ Telegram OK
[2026-04-23 01:00:05] === Check completato ===
[2026-04-23 01:05:01] === Check avviato ===
[2026-04-23 01:05:02] Sacro Cuore Negrar: 0 slot
[2026-04-23 01:05:02] Clinica San Francesco Verona: 0 slot
[2026-04-23 01:05:03] Clinica San Francesco (alt): 0 slot
[2026-04-23 01:05:03] ✉️ Telegram OK
[2026-04-23 01:05:03] === Check completato ===
[2026-04-23 01:05:01] === Check avviato ===
[2026-04-23 01:05:02] Sacro Cuore Negrar: 0 slot
[2026-04-23 01:05:02] Clinica San Francesco Verona: 0 slot
[2026-04-23 01:05:03] Clinica San Francesco (alt): 0 slot
[2026-04-23 01:05:03] ✉️ Telegram OK
[2026-04-23 01:05:03] === Check completato ===
[2026-04-23 01:10:03] === Check avviato ===
[2026-04-23 01:10:03] Sacro Cuore Negrar: 0 slot
[2026-04-23 01:10:04] Clinica San Francesco Verona: 0 slot
[2026-04-23 01:10:04] Clinica San Francesco (alt): 0 slot
[2026-04-23 01:10:04] ✉️ Telegram OK
[2026-04-23 01:10:04] === Check completato ===
[2026-04-23 01:10:03] === Check avviato ===
[2026-04-23 01:10:03] Sacro Cuore Negrar: 0 slot
[2026-04-23 01:10:04] Clinica San Francesco Verona: 0 slot
[2026-04-23 01:10:04] Clinica San Francesco (alt): 0 slot
[2026-04-23 01:10:04] ✉️ Telegram OK
[2026-04-23 01:10:04] === Check completato ===
[2026-04-23 01:15:02] === Check avviato ===
[2026-04-23 01:15:03] Sacro Cuore Negrar: 0 slot
[2026-04-23 01:15:03] Clinica San Francesco Verona: 0 slot
[2026-04-23 01:15:04] Clinica San Francesco (alt): 0 slot
[2026-04-23 01:15:04] ✉️ Telegram OK
[2026-04-23 01:15:04] === Check completato ===
[2026-04-23 01:15:02] === Check avviato ===
[2026-04-23 01:15:03] Sacro Cuore Negrar: 0 slot
[2026-04-23 01:15:03] Clinica San Francesco Verona: 0 slot
[2026-04-23 01:15:04] Clinica San Francesco (alt): 0 slot
[2026-04-23 01:15:04] ✉️ Telegram OK
[2026-04-23 01:15:04] === Check completato ===
[2026-04-23 01:20:02] === Check avviato ===
[2026-04-23 01:20:02] Sacro Cuore Negrar: 0 slot
[2026-04-23 01:20:03] Clinica San Francesco Verona: 0 slot
[2026-04-23 01:20:03] Clinica San Francesco (alt): 0 slot
[2026-04-23 01:20:03] ✉️ Telegram OK
[2026-04-23 01:20:03] === Check completato ===
[2026-04-23 01:20:02] === Check avviato ===
[2026-04-23 01:20:02] Sacro Cuore Negrar: 0 slot
[2026-04-23 01:20:03] Clinica San Francesco Verona: 0 slot
[2026-04-23 01:20:03] Clinica San Francesco (alt): 0 slot
[2026-04-23 01:20:03] ✉️ Telegram OK
[2026-04-23 01:20:03] === Check completato ===
[2026-04-23 01:25:02] === Check avviato ===
[2026-04-23 01:25:02] Sacro Cuore Negrar: 0 slot
[2026-04-23 01:25:02] Clinica San Francesco Verona: 0 slot
[2026-04-23 01:25:03] Clinica San Francesco (alt): 0 slot
[2026-04-23 01:25:03] ✉️ Telegram OK
[2026-04-23 01:25:03] === Check completato ===
[2026-04-23 01:25:02] === Check avviato ===
[2026-04-23 01:25:02] Sacro Cuore Negrar: 0 slot
[2026-04-23 01:25:02] Clinica San Francesco Verona: 0 slot
[2026-04-23 01:25:03] Clinica San Francesco (alt): 0 slot
[2026-04-23 01:25:03] ✉️ Telegram OK
[2026-04-23 01:25:03] === Check completato ===
[2026-04-23 01:30:03] === Check avviato ===
[2026-04-23 01:30:03] Sacro Cuore Negrar: 0 slot
[2026-04-23 01:30:04] Clinica San Francesco Verona: 0 slot
[2026-04-23 01:30:04] Clinica San Francesco (alt): 0 slot
[2026-04-23 01:30:04] ✉️ Telegram OK
[2026-04-23 01:30:04] === Check completato ===
[2026-04-23 01:30:03] === Check avviato ===
[2026-04-23 01:30:03] Sacro Cuore Negrar: 0 slot
[2026-04-23 01:30:04] Clinica San Francesco Verona: 0 slot
[2026-04-23 01:30:04] Clinica San Francesco (alt): 0 slot
[2026-04-23 01:30:04] ✉️ Telegram OK
[2026-04-23 01:30:04] === Check completato ===
[2026-04-23 01:35:02] === Check avviato ===
[2026-04-23 01:35:02] Sacro Cuore Negrar: 0 slot
[2026-04-23 01:35:02] Clinica San Francesco Verona: 0 slot
[2026-04-23 01:35:03] Clinica San Francesco (alt): 0 slot
[2026-04-23 01:35:03] ✉️ Telegram OK
[2026-04-23 01:35:03] === Check completato ===
[2026-04-23 01:35:02] === Check avviato ===
[2026-04-23 01:35:02] Sacro Cuore Negrar: 0 slot
[2026-04-23 01:35:02] Clinica San Francesco Verona: 0 slot
[2026-04-23 01:35:03] Clinica San Francesco (alt): 0 slot
[2026-04-23 01:35:03] ✉️ Telegram OK
[2026-04-23 01:35:03] === Check completato ===
[2026-04-23 01:40:02] === Check avviato ===
[2026-04-23 01:40:02] Sacro Cuore Negrar: 0 slot
[2026-04-23 01:40:03] Clinica San Francesco Verona: 0 slot
[2026-04-23 01:40:03] Clinica San Francesco (alt): 0 slot
[2026-04-23 01:40:04] ✉️ Telegram OK
[2026-04-23 01:40:04] === Check completato ===
[2026-04-23 01:40:02] === Check avviato ===
[2026-04-23 01:40:02] Sacro Cuore Negrar: 0 slot
[2026-04-23 01:40:03] Clinica San Francesco Verona: 0 slot
[2026-04-23 01:40:03] Clinica San Francesco (alt): 0 slot
[2026-04-23 01:40:04] ✉️ Telegram OK
[2026-04-23 01:40:04] === Check completato ===
[2026-04-23 01:45:01] === Check avviato ===
[2026-04-23 01:45:02] Sacro Cuore Negrar: 0 slot
[2026-04-23 01:45:02] Clinica San Francesco Verona: 0 slot
[2026-04-23 01:45:03] Clinica San Francesco (alt): 0 slot
[2026-04-23 01:45:03] ✉️ Telegram OK
[2026-04-23 01:45:03] === Check completato ===
[2026-04-23 01:45:01] === Check avviato ===
[2026-04-23 01:45:02] Sacro Cuore Negrar: 0 slot
[2026-04-23 01:45:02] Clinica San Francesco Verona: 0 slot
[2026-04-23 01:45:03] Clinica San Francesco (alt): 0 slot
[2026-04-23 01:45:03] ✉️ Telegram OK
[2026-04-23 01:45:03] === Check completato ===
[2026-04-23 01:50:02] === Check avviato ===
[2026-04-23 01:50:03] Sacro Cuore Negrar: 0 slot
[2026-04-23 01:50:03] Clinica San Francesco Verona: 0 slot
[2026-04-23 01:50:03] Clinica San Francesco (alt): 0 slot
[2026-04-23 01:50:04] ✉️ Telegram OK
[2026-04-23 01:50:04] === Check completato ===
[2026-04-23 01:50:02] === Check avviato ===
[2026-04-23 01:50:03] Sacro Cuore Negrar: 0 slot
[2026-04-23 01:50:03] Clinica San Francesco Verona: 0 slot
[2026-04-23 01:50:03] Clinica San Francesco (alt): 0 slot
[2026-04-23 01:50:04] ✉️ Telegram OK
[2026-04-23 01:50:04] === Check completato ===
[2026-04-23 01:55:02] === Check avviato ===
[2026-04-23 01:55:02] Sacro Cuore Negrar: 0 slot
[2026-04-23 01:55:02] Clinica San Francesco Verona: 0 slot
[2026-04-23 01:55:03] Clinica San Francesco (alt): 0 slot
[2026-04-23 01:55:03] ✉️ Telegram OK
[2026-04-23 01:55:03] === Check completato ===
[2026-04-23 01:55:02] === Check avviato ===
[2026-04-23 01:55:02] Sacro Cuore Negrar: 0 slot
[2026-04-23 01:55:02] Clinica San Francesco Verona: 0 slot
[2026-04-23 01:55:03] Clinica San Francesco (alt): 0 slot
[2026-04-23 01:55:03] ✉️ Telegram OK
[2026-04-23 01:55:03] === Check completato ===
[2026-04-23 02:00:04] === Check avviato ===
[2026-04-23 02:00:05] Sacro Cuore Negrar: 0 slot
[2026-04-23 02:00:05] Clinica San Francesco Verona: 0 slot
[2026-04-23 02:00:05] Clinica San Francesco (alt): 0 slot
[2026-04-23 02:00:05] ✉️ Telegram OK
[2026-04-23 02:00:05] === Check completato ===
[2026-04-23 02:00:04] === Check avviato ===
[2026-04-23 02:00:05] Sacro Cuore Negrar: 0 slot
[2026-04-23 02:00:05] Clinica San Francesco Verona: 0 slot
[2026-04-23 02:00:05] Clinica San Francesco (alt): 0 slot
[2026-04-23 02:00:05] ✉️ Telegram OK
[2026-04-23 02:00:05] === Check completato ===
[2026-04-23 02:05:02] === Check avviato ===
[2026-04-23 02:05:02] Sacro Cuore Negrar: 0 slot
[2026-04-23 02:05:02] Clinica San Francesco Verona: 0 slot
[2026-04-23 02:05:03] Clinica San Francesco (alt): 0 slot
[2026-04-23 02:05:03] ✉️ Telegram OK
[2026-04-23 02:05:03] === Check completato ===
[2026-04-23 02:05:02] === Check avviato ===
[2026-04-23 02:05:02] Sacro Cuore Negrar: 0 slot
[2026-04-23 02:05:02] Clinica San Francesco Verona: 0 slot
[2026-04-23 02:05:03] Clinica San Francesco (alt): 0 slot
[2026-04-23 02:05:03] ✉️ Telegram OK
[2026-04-23 02:05:03] === Check completato ===
[2026-04-23 02:10:02] === Check avviato ===
[2026-04-23 02:10:03] Sacro Cuore Negrar: 0 slot
[2026-04-23 02:10:04] Clinica San Francesco Verona: 0 slot
[2026-04-23 02:10:04] Clinica San Francesco (alt): 0 slot
[2026-04-23 02:10:04] ✉️ Telegram OK
[2026-04-23 02:10:04] === Check completato ===
[2026-04-23 02:10:02] === Check avviato ===
[2026-04-23 02:10:03] Sacro Cuore Negrar: 0 slot
[2026-04-23 02:10:04] Clinica San Francesco Verona: 0 slot
[2026-04-23 02:10:04] Clinica San Francesco (alt): 0 slot
[2026-04-23 02:10:04] ✉️ Telegram OK
[2026-04-23 02:10:04] === Check completato ===
[2026-04-23 02:15:02] === Check avviato ===
[2026-04-23 02:15:02] Sacro Cuore Negrar: 0 slot
[2026-04-23 02:15:03] Clinica San Francesco Verona: 0 slot
[2026-04-23 02:15:04] Clinica San Francesco (alt): 0 slot
[2026-04-23 02:15:04] ✉️ Telegram OK
[2026-04-23 02:15:04] === Check completato ===
[2026-04-23 02:15:02] === Check avviato ===
[2026-04-23 02:15:02] Sacro Cuore Negrar: 0 slot
[2026-04-23 02:15:03] Clinica San Francesco Verona: 0 slot
[2026-04-23 02:15:04] Clinica San Francesco (alt): 0 slot
[2026-04-23 02:15:04] ✉️ Telegram OK
[2026-04-23 02:15:04] === Check completato ===
[2026-04-23 02:20:02] === Check avviato ===
[2026-04-23 02:20:02] Sacro Cuore Negrar: 0 slot
[2026-04-23 02:20:02] Clinica San Francesco Verona: 0 slot
[2026-04-23 02:20:03] Clinica San Francesco (alt): 0 slot
[2026-04-23 02:20:03] ✉️ Telegram OK
[2026-04-23 02:20:03] === Check completato ===
[2026-04-23 02:20:02] === Check avviato ===
[2026-04-23 02:20:02] Sacro Cuore Negrar: 0 slot
[2026-04-23 02:20:02] Clinica San Francesco Verona: 0 slot
[2026-04-23 02:20:03] Clinica San Francesco (alt): 0 slot
[2026-04-23 02:20:03] ✉️ Telegram OK
[2026-04-23 02:20:03] === Check completato ===
[2026-04-23 02:25:01] === Check avviato ===
[2026-04-23 02:25:02] Sacro Cuore Negrar: 0 slot
[2026-04-23 02:25:02] Clinica San Francesco Verona: 0 slot
[2026-04-23 02:25:02] Clinica San Francesco (alt): 0 slot
[2026-04-23 02:25:02] ✉️ Telegram OK
[2026-04-23 02:25:02] === Check completato ===
[2026-04-23 02:25:01] === Check avviato ===
[2026-04-23 02:25:02] Sacro Cuore Negrar: 0 slot
[2026-04-23 02:25:02] Clinica San Francesco Verona: 0 slot
[2026-04-23 02:25:02] Clinica San Francesco (alt): 0 slot
[2026-04-23 02:25:02] ✉️ Telegram OK
[2026-04-23 02:25:02] === Check completato ===
[2026-04-23 02:30:02] === Check avviato ===
[2026-04-23 02:30:03] Sacro Cuore Negrar: 0 slot
[2026-04-23 02:30:04] Clinica San Francesco Verona: 0 slot
[2026-04-23 02:30:04] Clinica San Francesco (alt): 0 slot
[2026-04-23 02:30:04] ✉️ Telegram OK
[2026-04-23 02:30:04] === Check completato ===
[2026-04-23 02:30:02] === Check avviato ===
[2026-04-23 02:30:03] Sacro Cuore Negrar: 0 slot
[2026-04-23 02:30:04] Clinica San Francesco Verona: 0 slot
[2026-04-23 02:30:04] Clinica San Francesco (alt): 0 slot
[2026-04-23 02:30:04] ✉️ Telegram OK
[2026-04-23 02:30:04] === Check completato ===
[2026-04-23 02:35:02] === Check avviato ===
[2026-04-23 02:35:02] Sacro Cuore Negrar: 0 slot
[2026-04-23 02:35:03] Clinica San Francesco Verona: 0 slot
[2026-04-23 02:35:03] Clinica San Francesco (alt): 0 slot
[2026-04-23 02:35:03] ✉️ Telegram OK
[2026-04-23 02:35:03] === Check completato ===
[2026-04-23 02:35:02] === Check avviato ===
[2026-04-23 02:35:02] Sacro Cuore Negrar: 0 slot
[2026-04-23 02:35:03] Clinica San Francesco Verona: 0 slot
[2026-04-23 02:35:03] Clinica San Francesco (alt): 0 slot
[2026-04-23 02:35:03] ✉️ Telegram OK
[2026-04-23 02:35:03] === Check completato ===
[2026-04-23 02:40:02] === Check avviato ===
[2026-04-23 02:40:02] Sacro Cuore Negrar: 0 slot
[2026-04-23 02:40:03] Clinica San Francesco Verona: 0 slot
[2026-04-23 02:40:03] Clinica San Francesco (alt): 0 slot
[2026-04-23 02:40:03] ✉️ Telegram OK
[2026-04-23 02:40:03] === Check completato ===
[2026-04-23 02:40:02] === Check avviato ===
[2026-04-23 02:40:02] Sacro Cuore Negrar: 0 slot
[2026-04-23 02:40:03] Clinica San Francesco Verona: 0 slot
[2026-04-23 02:40:03] Clinica San Francesco (alt): 0 slot
[2026-04-23 02:40:03] ✉️ Telegram OK
[2026-04-23 02:40:03] === Check completato ===
[2026-04-23 02:45:01] === Check avviato ===
[2026-04-23 02:45:02] Sacro Cuore Negrar: 0 slot
[2026-04-23 02:45:02] Clinica San Francesco Verona: 0 slot
[2026-04-23 02:45:02] Clinica San Francesco (alt): 0 slot
[2026-04-23 02:45:03] ✉️ Telegram OK
[2026-04-23 02:45:03] === Check completato ===
[2026-04-23 02:45:01] === Check avviato ===
[2026-04-23 02:45:02] Sacro Cuore Negrar: 0 slot
[2026-04-23 02:45:02] Clinica San Francesco Verona: 0 slot
[2026-04-23 02:45:02] Clinica San Francesco (alt): 0 slot
[2026-04-23 02:45:03] ✉️ Telegram OK
[2026-04-23 02:45:03] === Check completato ===
[2026-04-23 02:50:02] === Check avviato ===
[2026-04-23 02:50:02] Sacro Cuore Negrar: 0 slot
[2026-04-23 02:50:03] Clinica San Francesco Verona: 0 slot
[2026-04-23 02:50:03] Clinica San Francesco (alt): 0 slot
[2026-04-23 02:50:03] ✉️ Telegram OK
[2026-04-23 02:50:03] === Check completato ===
[2026-04-23 02:50:02] === Check avviato ===
[2026-04-23 02:50:02] Sacro Cuore Negrar: 0 slot
[2026-04-23 02:50:03] Clinica San Francesco Verona: 0 slot
[2026-04-23 02:50:03] Clinica San Francesco (alt): 0 slot
[2026-04-23 02:50:03] ✉️ Telegram OK
[2026-04-23 02:50:03] === Check completato ===
[2026-04-23 02:55:02] === Check avviato ===
[2026-04-23 02:55:02] Sacro Cuore Negrar: 0 slot
[2026-04-23 02:55:03] Clinica San Francesco Verona: 0 slot
[2026-04-23 02:55:03] Clinica San Francesco (alt): 0 slot
[2026-04-23 02:55:03] ✉️ Telegram OK
[2026-04-23 02:55:03] === Check completato ===
[2026-04-23 02:55:02] === Check avviato ===
[2026-04-23 02:55:02] Sacro Cuore Negrar: 0 slot
[2026-04-23 02:55:03] Clinica San Francesco Verona: 0 slot
[2026-04-23 02:55:03] Clinica San Francesco (alt): 0 slot
[2026-04-23 02:55:03] ✉️ Telegram OK
[2026-04-23 02:55:03] === Check completato ===
[2026-04-23 03:00:04] === Check avviato ===
[2026-04-23 03:00:05] Sacro Cuore Negrar: 0 slot
[2026-04-23 03:00:05] Clinica San Francesco Verona: 0 slot
[2026-04-23 03:00:06] Clinica San Francesco (alt): 0 slot
[2026-04-23 03:00:06] ✉️ Telegram OK
[2026-04-23 03:00:06] === Check completato ===
[2026-04-23 03:00:04] === Check avviato ===
[2026-04-23 03:00:05] Sacro Cuore Negrar: 0 slot
[2026-04-23 03:00:05] Clinica San Francesco Verona: 0 slot
[2026-04-23 03:00:06] Clinica San Francesco (alt): 0 slot
[2026-04-23 03:00:06] ✉️ Telegram OK
[2026-04-23 03:00:06] === Check completato ===
[2026-04-23 03:05:01] === Check avviato ===
[2026-04-23 03:05:03] Sacro Cuore Negrar: 0 slot
[2026-04-23 03:05:04] Clinica San Francesco Verona: 0 slot
[2026-04-23 03:05:04] Clinica San Francesco (alt): 0 slot
[2026-04-23 03:05:04] ✉️ Telegram OK
[2026-04-23 03:05:04] === Check completato ===
[2026-04-23 03:05:01] === Check avviato ===
[2026-04-23 03:05:03] Sacro Cuore Negrar: 0 slot
[2026-04-23 03:05:04] Clinica San Francesco Verona: 0 slot
[2026-04-23 03:05:04] Clinica San Francesco (alt): 0 slot
[2026-04-23 03:05:04] ✉️ Telegram OK
[2026-04-23 03:05:04] === Check completato ===
[2026-04-23 03:10:02] === Check avviato ===
[2026-04-23 03:10:03] Sacro Cuore Negrar: 0 slot
[2026-04-23 03:10:04] Clinica San Francesco Verona: 0 slot
[2026-04-23 03:10:04] Clinica San Francesco (alt): 0 slot
[2026-04-23 03:10:04] ✉️ Telegram OK
[2026-04-23 03:10:04] === Check completato ===
[2026-04-23 03:10:02] === Check avviato ===
[2026-04-23 03:10:03] Sacro Cuore Negrar: 0 slot
[2026-04-23 03:10:04] Clinica San Francesco Verona: 0 slot
[2026-04-23 03:10:04] Clinica San Francesco (alt): 0 slot
[2026-04-23 03:10:04] ✉️ Telegram OK
[2026-04-23 03:10:04] === Check completato ===
[2026-04-23 03:15:01] === Check avviato ===
[2026-04-23 03:15:02] Sacro Cuore Negrar: 0 slot
[2026-04-23 03:15:03] Clinica San Francesco Verona: 0 slot
[2026-04-23 03:15:03] Clinica San Francesco (alt): 0 slot
[2026-04-23 03:15:03] ✉️ Telegram OK
[2026-04-23 03:15:03] === Check completato ===
[2026-04-23 03:15:01] === Check avviato ===
[2026-04-23 03:15:02] Sacro Cuore Negrar: 0 slot
[2026-04-23 03:15:03] Clinica San Francesco Verona: 0 slot
[2026-04-23 03:15:03] Clinica San Francesco (alt): 0 slot
[2026-04-23 03:15:03] ✉️ Telegram OK
[2026-04-23 03:15:03] === Check completato ===
[2026-04-23 03:20:01] === Check avviato ===
[2026-04-23 03:20:02] Sacro Cuore Negrar: 0 slot
[2026-04-23 03:20:02] Clinica San Francesco Verona: 0 slot
[2026-04-23 03:20:03] Clinica San Francesco (alt): 0 slot
[2026-04-23 03:20:13] ✉️ Telegram OK
[2026-04-23 03:20:13] === Check completato ===
[2026-04-23 03:20:01] === Check avviato ===
[2026-04-23 03:20:02] Sacro Cuore Negrar: 0 slot
[2026-04-23 03:20:02] Clinica San Francesco Verona: 0 slot
[2026-04-23 03:20:03] Clinica San Francesco (alt): 0 slot
[2026-04-23 03:20:13] ✉️ Telegram OK
[2026-04-23 03:20:13] === Check completato ===
[2026-04-23 03:25:01] === Check avviato ===
[2026-04-23 03:25:02] Sacro Cuore Negrar: 0 slot
[2026-04-23 03:25:02] Clinica San Francesco Verona: 0 slot
[2026-04-23 03:25:03] Clinica San Francesco (alt): 0 slot
[2026-04-23 03:25:03] ✉️ Telegram OK
[2026-04-23 03:25:03] === Check completato ===
[2026-04-23 03:25:01] === Check avviato ===
[2026-04-23 03:25:02] Sacro Cuore Negrar: 0 slot
[2026-04-23 03:25:02] Clinica San Francesco Verona: 0 slot
[2026-04-23 03:25:03] Clinica San Francesco (alt): 0 slot
[2026-04-23 03:25:03] ✉️ Telegram OK
[2026-04-23 03:25:03] === Check completato ===
[2026-04-23 03:30:03] === Check avviato ===
[2026-04-23 03:30:04] Sacro Cuore Negrar: 0 slot
[2026-04-23 03:30:04] Clinica San Francesco Verona: 0 slot
[2026-04-23 03:30:04] Clinica San Francesco (alt): 0 slot
[2026-04-23 03:30:05] ✉️ Telegram OK
[2026-04-23 03:30:05] === Check completato ===
[2026-04-23 03:30:03] === Check avviato ===
[2026-04-23 03:30:04] Sacro Cuore Negrar: 0 slot
[2026-04-23 03:30:04] Clinica San Francesco Verona: 0 slot
[2026-04-23 03:30:04] Clinica San Francesco (alt): 0 slot
[2026-04-23 03:30:05] ✉️ Telegram OK
[2026-04-23 03:30:05] === Check completato ===
[2026-04-23 03:35:01] === Check avviato ===
[2026-04-23 03:35:02] Sacro Cuore Negrar: 0 slot
[2026-04-23 03:35:02] Clinica San Francesco Verona: 0 slot
[2026-04-23 03:35:03] Clinica San Francesco (alt): 0 slot
[2026-04-23 03:35:03] ✉️ Telegram OK
[2026-04-23 03:35:03] === Check completato ===
[2026-04-23 03:35:01] === Check avviato ===
[2026-04-23 03:35:02] Sacro Cuore Negrar: 0 slot
[2026-04-23 03:35:02] Clinica San Francesco Verona: 0 slot
[2026-04-23 03:35:03] Clinica San Francesco (alt): 0 slot
[2026-04-23 03:35:03] ✉️ Telegram OK
[2026-04-23 03:35:03] === Check completato ===
[2026-04-23 03:40:01] === Check avviato ===
[2026-04-23 03:40:02] Sacro Cuore Negrar: 0 slot
[2026-04-23 03:40:02] Clinica San Francesco Verona: 0 slot
[2026-04-23 03:40:03] Clinica San Francesco (alt): 0 slot
[2026-04-23 03:40:03] ✉️ Telegram OK
[2026-04-23 03:40:03] === Check completato ===
[2026-04-23 03:40:01] === Check avviato ===
[2026-04-23 03:40:02] Sacro Cuore Negrar: 0 slot
[2026-04-23 03:40:02] Clinica San Francesco Verona: 0 slot
[2026-04-23 03:40:03] Clinica San Francesco (alt): 0 slot
[2026-04-23 03:40:03] ✉️ Telegram OK
[2026-04-23 03:40:03] === Check completato ===
[2026-04-23 03:45:01] === Check avviato ===
[2026-04-23 03:45:03] Sacro Cuore Negrar: 0 slot
[2026-04-23 03:45:03] Clinica San Francesco Verona: 0 slot
[2026-04-23 03:45:04] Clinica San Francesco (alt): 0 slot
[2026-04-23 03:45:04] ✉️ Telegram OK
[2026-04-23 03:45:04] === Check completato ===
[2026-04-23 03:45:01] === Check avviato ===
[2026-04-23 03:45:03] Sacro Cuore Negrar: 0 slot
[2026-04-23 03:45:03] Clinica San Francesco Verona: 0 slot
[2026-04-23 03:45:04] Clinica San Francesco (alt): 0 slot
[2026-04-23 03:45:04] ✉️ Telegram OK
[2026-04-23 03:45:04] === Check completato ===
[2026-04-23 03:50:01] === Check avviato ===
[2026-04-23 03:50:02] Sacro Cuore Negrar: 0 slot
[2026-04-23 03:50:02] Clinica San Francesco Verona: 0 slot
[2026-04-23 03:50:03] Clinica San Francesco (alt): 0 slot
[2026-04-23 03:50:03] ✉️ Telegram OK
[2026-04-23 03:50:03] === Check completato ===
[2026-04-23 03:50:01] === Check avviato ===
[2026-04-23 03:50:02] Sacro Cuore Negrar: 0 slot
[2026-04-23 03:50:02] Clinica San Francesco Verona: 0 slot
[2026-04-23 03:50:03] Clinica San Francesco (alt): 0 slot
[2026-04-23 03:50:03] ✉️ Telegram OK
[2026-04-23 03:50:03] === Check completato ===
[2026-04-23 03:55:01] === Check avviato ===
[2026-04-23 03:55:02] Sacro Cuore Negrar: 0 slot
[2026-04-23 03:55:02] Clinica San Francesco Verona: 0 slot
[2026-04-23 03:55:03] Clinica San Francesco (alt): 0 slot
[2026-04-23 03:55:03] ✉️ Telegram OK
[2026-04-23 03:55:03] === Check completato ===
[2026-04-23 03:55:01] === Check avviato ===
[2026-04-23 03:55:02] Sacro Cuore Negrar: 0 slot
[2026-04-23 03:55:02] Clinica San Francesco Verona: 0 slot
[2026-04-23 03:55:03] Clinica San Francesco (alt): 0 slot
[2026-04-23 03:55:03] ✉️ Telegram OK
[2026-04-23 03:55:03] === Check completato ===
[2026-04-23 04:00:03] === Check avviato ===
[2026-04-23 04:00:04] Sacro Cuore Negrar: 0 slot
[2026-04-23 04:00:04] Clinica San Francesco Verona: 0 slot
[2026-04-23 04:00:05] Clinica San Francesco (alt): 0 slot
[2026-04-23 04:00:05] ✉️ Telegram OK
[2026-04-23 04:00:05] === Check completato ===
[2026-04-23 04:00:03] === Check avviato ===
[2026-04-23 04:00:04] Sacro Cuore Negrar: 0 slot
[2026-04-23 04:00:04] Clinica San Francesco Verona: 0 slot
[2026-04-23 04:00:05] Clinica San Francesco (alt): 0 slot
[2026-04-23 04:00:05] ✉️ Telegram OK
[2026-04-23 04:00:05] === Check completato ===
[2026-04-23 04:05:01] === Check avviato ===
[2026-04-23 04:05:02] Sacro Cuore Negrar: 0 slot
[2026-04-23 04:05:03] Clinica San Francesco Verona: 0 slot
[2026-04-23 04:05:03] Clinica San Francesco (alt): 0 slot
[2026-04-23 04:05:14] ✉️ Telegram OK
[2026-04-23 04:05:14] === Check completato ===
[2026-04-23 04:05:01] === Check avviato ===
[2026-04-23 04:05:02] Sacro Cuore Negrar: 0 slot
[2026-04-23 04:05:03] Clinica San Francesco Verona: 0 slot
[2026-04-23 04:05:03] Clinica San Francesco (alt): 0 slot
[2026-04-23 04:05:14] ✉️ Telegram OK
[2026-04-23 04:05:14] === Check completato ===
[2026-04-23 04:10:02] === Check avviato ===
[2026-04-23 04:10:03] Sacro Cuore Negrar: 0 slot
[2026-04-23 04:10:03] Clinica San Francesco Verona: 0 slot
[2026-04-23 04:10:03] Clinica San Francesco (alt): 0 slot
[2026-04-23 04:10:04] ✉️ Telegram OK
[2026-04-23 04:10:04] === Check completato ===
[2026-04-23 04:10:02] === Check avviato ===
[2026-04-23 04:10:03] Sacro Cuore Negrar: 0 slot
[2026-04-23 04:10:03] Clinica San Francesco Verona: 0 slot
[2026-04-23 04:10:03] Clinica San Francesco (alt): 0 slot
[2026-04-23 04:10:04] ✉️ Telegram OK
[2026-04-23 04:10:04] === Check completato ===
[2026-04-23 04:15:01] === Check avviato ===
[2026-04-23 04:15:02] Sacro Cuore Negrar: 0 slot
[2026-04-23 04:15:02] Clinica San Francesco Verona: 0 slot
[2026-04-23 04:15:03] Clinica San Francesco (alt): 0 slot
[2026-04-23 04:15:03] ✉️ Telegram OK
[2026-04-23 04:15:03] === Check completato ===
[2026-04-23 04:15:01] === Check avviato ===
[2026-04-23 04:15:02] Sacro Cuore Negrar: 0 slot
[2026-04-23 04:15:02] Clinica San Francesco Verona: 0 slot
[2026-04-23 04:15:03] Clinica San Francesco (alt): 0 slot
[2026-04-23 04:15:03] ✉️ Telegram OK
[2026-04-23 04:15:03] === Check completato ===
[2026-04-23 04:20:01] === Check avviato ===
[2026-04-23 04:20:02] Sacro Cuore Negrar: 0 slot
[2026-04-23 04:20:02] Clinica San Francesco Verona: 0 slot
[2026-04-23 04:20:03] Clinica San Francesco (alt): 0 slot
[2026-04-23 04:20:03] ✉️ Telegram OK
[2026-04-23 04:20:03] === Check completato ===
[2026-04-23 04:20:01] === Check avviato ===
[2026-04-23 04:20:02] Sacro Cuore Negrar: 0 slot
[2026-04-23 04:20:02] Clinica San Francesco Verona: 0 slot
[2026-04-23 04:20:03] Clinica San Francesco (alt): 0 slot
[2026-04-23 04:20:03] ✉️ Telegram OK
[2026-04-23 04:20:03] === Check completato ===
[2026-04-23 04:25:02] === Check avviato ===
[2026-04-23 04:25:02] Sacro Cuore Negrar: 0 slot
[2026-04-23 04:25:03] Clinica San Francesco Verona: 0 slot
[2026-04-23 04:25:03] Clinica San Francesco (alt): 0 slot
[2026-04-23 04:25:03] ✉️ Telegram OK
[2026-04-23 04:25:03] === Check completato ===
[2026-04-23 04:25:02] === Check avviato ===
[2026-04-23 04:25:02] Sacro Cuore Negrar: 0 slot
[2026-04-23 04:25:03] Clinica San Francesco Verona: 0 slot
[2026-04-23 04:25:03] Clinica San Francesco (alt): 0 slot
[2026-04-23 04:25:03] ✉️ Telegram OK
[2026-04-23 04:25:03] === Check completato ===
[2026-04-23 04:30:02] === Check avviato ===
[2026-04-23 04:30:03] Sacro Cuore Negrar: 0 slot
[2026-04-23 04:30:03] Clinica San Francesco Verona: 0 slot
[2026-04-23 04:30:04] Clinica San Francesco (alt): 0 slot
[2026-04-23 04:30:04] ✉️ Telegram OK
[2026-04-23 04:30:04] === Check completato ===
[2026-04-23 04:30:02] === Check avviato ===
[2026-04-23 04:30:03] Sacro Cuore Negrar: 0 slot
[2026-04-23 04:30:03] Clinica San Francesco Verona: 0 slot
[2026-04-23 04:30:04] Clinica San Francesco (alt): 0 slot
[2026-04-23 04:30:04] ✉️ Telegram OK
[2026-04-23 04:30:04] === Check completato ===
[2026-04-23 04:35:02] === Check avviato ===
[2026-04-23 04:35:02] Sacro Cuore Negrar: 0 slot
[2026-04-23 04:35:03] Clinica San Francesco Verona: 0 slot
[2026-04-23 04:35:03] Clinica San Francesco (alt): 0 slot
[2026-04-23 04:35:03] ✉️ Telegram OK
[2026-04-23 04:35:03] === Check completato ===
[2026-04-23 04:35:02] === Check avviato ===
[2026-04-23 04:35:02] Sacro Cuore Negrar: 0 slot
[2026-04-23 04:35:03] Clinica San Francesco Verona: 0 slot
[2026-04-23 04:35:03] Clinica San Francesco (alt): 0 slot
[2026-04-23 04:35:03] ✉️ Telegram OK
[2026-04-23 04:35:03] === Check completato ===
[2026-04-23 04:40:02] === Check avviato ===
[2026-04-23 04:40:02] Sacro Cuore Negrar: 0 slot
[2026-04-23 04:40:03] Clinica San Francesco Verona: 0 slot
[2026-04-23 04:40:04] Clinica San Francesco (alt): 0 slot
[2026-04-23 04:40:04] ✉️ Telegram OK
[2026-04-23 04:40:04] === Check completato ===
[2026-04-23 04:40:02] === Check avviato ===
[2026-04-23 04:40:02] Sacro Cuore Negrar: 0 slot
[2026-04-23 04:40:03] Clinica San Francesco Verona: 0 slot
[2026-04-23 04:40:04] Clinica San Francesco (alt): 0 slot
[2026-04-23 04:40:04] ✉️ Telegram OK
[2026-04-23 04:40:04] === Check completato ===
[2026-04-23 04:45:01] === Check avviato ===
[2026-04-23 04:45:02] Sacro Cuore Negrar: 0 slot
[2026-04-23 04:45:02] Clinica San Francesco Verona: 0 slot
[2026-04-23 04:45:03] Clinica San Francesco (alt): 0 slot
[2026-04-23 04:45:03] ✉️ Telegram OK
[2026-04-23 04:45:03] === Check completato ===
[2026-04-23 04:45:01] === Check avviato ===
[2026-04-23 04:45:02] Sacro Cuore Negrar: 0 slot
[2026-04-23 04:45:02] Clinica San Francesco Verona: 0 slot
[2026-04-23 04:45:03] Clinica San Francesco (alt): 0 slot
[2026-04-23 04:45:03] ✉️ Telegram OK
[2026-04-23 04:45:03] === Check completato ===
[2026-04-23 04:50:02] === Check avviato ===
[2026-04-23 04:50:03] Sacro Cuore Negrar: 0 slot
[2026-04-23 04:50:03] Clinica San Francesco Verona: 0 slot
[2026-04-23 04:50:04] Clinica San Francesco (alt): 0 slot
[2026-04-23 04:50:04] ✉️ Telegram OK
[2026-04-23 04:50:04] === Check completato ===
[2026-04-23 04:50:02] === Check avviato ===
[2026-04-23 04:50:03] Sacro Cuore Negrar: 0 slot
[2026-04-23 04:50:03] Clinica San Francesco Verona: 0 slot
[2026-04-23 04:50:04] Clinica San Francesco (alt): 0 slot
[2026-04-23 04:50:04] ✉️ Telegram OK
[2026-04-23 04:50:04] === Check completato ===
[2026-04-23 04:55:01] === Check avviato ===
[2026-04-23 04:55:02] Sacro Cuore Negrar: 0 slot
[2026-04-23 04:55:02] Clinica San Francesco Verona: 0 slot
[2026-04-23 04:55:02] Clinica San Francesco (alt): 0 slot
[2026-04-23 04:55:03] ✉️ Telegram OK
[2026-04-23 04:55:03] === Check completato ===
[2026-04-23 04:55:01] === Check avviato ===
[2026-04-23 04:55:02] Sacro Cuore Negrar: 0 slot
[2026-04-23 04:55:02] Clinica San Francesco Verona: 0 slot
[2026-04-23 04:55:02] Clinica San Francesco (alt): 0 slot
[2026-04-23 04:55:03] ✉️ Telegram OK
[2026-04-23 04:55:03] === Check completato ===
[2026-04-23 05:00:03] === Check avviato ===
[2026-04-23 05:00:03] Sacro Cuore Negrar: 0 slot
[2026-04-23 05:00:04] Clinica San Francesco Verona: 0 slot
[2026-04-23 05:00:04] Clinica San Francesco (alt): 0 slot
[2026-04-23 05:00:04] ✉️ Telegram OK
[2026-04-23 05:00:04] === Check completato ===
[2026-04-23 05:00:03] === Check avviato ===
[2026-04-23 05:00:03] Sacro Cuore Negrar: 0 slot
[2026-04-23 05:00:04] Clinica San Francesco Verona: 0 slot
[2026-04-23 05:00:04] Clinica San Francesco (alt): 0 slot
[2026-04-23 05:00:04] ✉️ Telegram OK
[2026-04-23 05:00:04] === Check completato ===
[2026-04-23 05:05:01] === Check avviato ===
[2026-04-23 05:05:01] Sacro Cuore Negrar: 0 slot
[2026-04-23 05:05:02] Clinica San Francesco Verona: 0 slot
[2026-04-23 05:05:02] Clinica San Francesco (alt): 0 slot
[2026-04-23 05:05:02] ✉️ Telegram OK
[2026-04-23 05:05:02] === Check completato ===
[2026-04-23 05:05:01] === Check avviato ===
[2026-04-23 05:05:01] Sacro Cuore Negrar: 0 slot
[2026-04-23 05:05:02] Clinica San Francesco Verona: 0 slot
[2026-04-23 05:05:02] Clinica San Francesco (alt): 0 slot
[2026-04-23 05:05:02] ✉️ Telegram OK
[2026-04-23 05:05:02] === Check completato ===
[2026-04-23 05:10:02] === Check avviato ===
[2026-04-23 05:10:02] Sacro Cuore Negrar: 0 slot
[2026-04-23 05:10:03] Clinica San Francesco Verona: 0 slot
[2026-04-23 05:10:03] Clinica San Francesco (alt): 0 slot
[2026-04-23 05:10:03] ✉️ Telegram OK
[2026-04-23 05:10:03] === Check completato ===
[2026-04-23 05:10:02] === Check avviato ===
[2026-04-23 05:10:02] Sacro Cuore Negrar: 0 slot
[2026-04-23 05:10:03] Clinica San Francesco Verona: 0 slot
[2026-04-23 05:10:03] Clinica San Francesco (alt): 0 slot
[2026-04-23 05:10:03] ✉️ Telegram OK
[2026-04-23 05:10:03] === Check completato ===
[2026-04-23 05:15:01] === Check avviato ===
[2026-04-23 05:15:02] Sacro Cuore Negrar: 0 slot
[2026-04-23 05:15:02] Clinica San Francesco Verona: 0 slot
[2026-04-23 05:15:02] Clinica San Francesco (alt): 0 slot
[2026-04-23 05:15:02] ✉️ Telegram OK
[2026-04-23 05:15:02] === Check completato ===
[2026-04-23 05:15:01] === Check avviato ===
[2026-04-23 05:15:02] Sacro Cuore Negrar: 0 slot
[2026-04-23 05:15:02] Clinica San Francesco Verona: 0 slot
[2026-04-23 05:15:02] Clinica San Francesco (alt): 0 slot
[2026-04-23 05:15:02] ✉️ Telegram OK
[2026-04-23 05:15:02] === Check completato ===
[2026-04-23 05:20:02] === Check avviato ===
[2026-04-23 05:20:02] Sacro Cuore Negrar: 0 slot
[2026-04-23 05:20:03] Clinica San Francesco Verona: 0 slot
[2026-04-23 05:20:03] Clinica San Francesco (alt): 0 slot
[2026-04-23 05:20:03] ✉️ Telegram OK
[2026-04-23 05:20:03] === Check completato ===
[2026-04-23 05:20:02] === Check avviato ===
[2026-04-23 05:20:02] Sacro Cuore Negrar: 0 slot
[2026-04-23 05:20:03] Clinica San Francesco Verona: 0 slot
[2026-04-23 05:20:03] Clinica San Francesco (alt): 0 slot
[2026-04-23 05:20:03] ✉️ Telegram OK
[2026-04-23 05:20:03] === Check completato ===
[2026-04-23 05:25:01] === Check avviato ===
[2026-04-23 05:25:02] Sacro Cuore Negrar: 0 slot
[2026-04-23 05:25:02] Clinica San Francesco Verona: 0 slot
[2026-04-23 05:25:03] Clinica San Francesco (alt): 0 slot
[2026-04-23 05:25:03] ✉️ Telegram OK
[2026-04-23 05:25:03] === Check completato ===
[2026-04-23 05:25:01] === Check avviato ===
[2026-04-23 05:25:02] Sacro Cuore Negrar: 0 slot
[2026-04-23 05:25:02] Clinica San Francesco Verona: 0 slot
[2026-04-23 05:25:03] Clinica San Francesco (alt): 0 slot
[2026-04-23 05:25:03] ✉️ Telegram OK
[2026-04-23 05:25:03] === Check completato ===
[2026-04-23 05:30:02] === Check avviato ===
[2026-04-23 05:30:03] Sacro Cuore Negrar: 0 slot
[2026-04-23 05:30:04] Clinica San Francesco Verona: 0 slot
[2026-04-23 05:30:04] Clinica San Francesco (alt): 0 slot
[2026-04-23 05:30:04] ✉️ Telegram OK
[2026-04-23 05:30:04] === Check completato ===
[2026-04-23 05:30:02] === Check avviato ===
[2026-04-23 05:30:03] Sacro Cuore Negrar: 0 slot
[2026-04-23 05:30:04] Clinica San Francesco Verona: 0 slot
[2026-04-23 05:30:04] Clinica San Francesco (alt): 0 slot
[2026-04-23 05:30:04] ✉️ Telegram OK
[2026-04-23 05:30:04] === Check completato ===
[2026-04-23 05:35:02] === Check avviato ===
[2026-04-23 05:35:02] Sacro Cuore Negrar: 0 slot
[2026-04-23 05:35:02] Clinica San Francesco Verona: 0 slot
[2026-04-23 05:35:03] Clinica San Francesco (alt): 0 slot
[2026-04-23 05:35:03] ✉️ Telegram OK
[2026-04-23 05:35:03] === Check completato ===
[2026-04-23 05:35:02] === Check avviato ===
[2026-04-23 05:35:02] Sacro Cuore Negrar: 0 slot
[2026-04-23 05:35:02] Clinica San Francesco Verona: 0 slot
[2026-04-23 05:35:03] Clinica San Francesco (alt): 0 slot
[2026-04-23 05:35:03] ✉️ Telegram OK
[2026-04-23 05:35:03] === Check completato ===
[2026-04-23 05:40:02] === Check avviato ===
[2026-04-23 05:40:03] Sacro Cuore Negrar: 0 slot
[2026-04-23 05:40:03] Clinica San Francesco Verona: 0 slot
[2026-04-23 05:40:03] Clinica San Francesco (alt): 0 slot
[2026-04-23 05:40:04] ✉️ Telegram OK
[2026-04-23 05:40:04] === Check completato ===
[2026-04-23 05:40:02] === Check avviato ===
[2026-04-23 05:40:03] Sacro Cuore Negrar: 0 slot
[2026-04-23 05:40:03] Clinica San Francesco Verona: 0 slot
[2026-04-23 05:40:03] Clinica San Francesco (alt): 0 slot
[2026-04-23 05:40:04] ✉️ Telegram OK
[2026-04-23 05:40:04] === Check completato ===
[2026-04-23 05:45:02] === Check avviato ===
[2026-04-23 05:45:03] Sacro Cuore Negrar: 0 slot
[2026-04-23 05:45:03] Clinica San Francesco Verona: 0 slot
[2026-04-23 05:45:03] Clinica San Francesco (alt): 0 slot
[2026-04-23 05:45:04] ✉️ Telegram OK
[2026-04-23 05:45:04] === Check completato ===
[2026-04-23 05:45:02] === Check avviato ===
[2026-04-23 05:45:03] Sacro Cuore Negrar: 0 slot
[2026-04-23 05:45:03] Clinica San Francesco Verona: 0 slot
[2026-04-23 05:45:03] Clinica San Francesco (alt): 0 slot
[2026-04-23 05:45:04] ✉️ Telegram OK
[2026-04-23 05:45:04] === Check completato ===
[2026-04-23 05:50:02] === Check avviato ===
[2026-04-23 05:50:03] Sacro Cuore Negrar: 0 slot
[2026-04-23 05:50:03] Clinica San Francesco Verona: 0 slot
[2026-04-23 05:50:03] Clinica San Francesco (alt): 0 slot
[2026-04-23 05:50:04] ✉️ Telegram OK
[2026-04-23 05:50:04] === Check completato ===
[2026-04-23 05:50:02] === Check avviato ===
[2026-04-23 05:50:03] Sacro Cuore Negrar: 0 slot
[2026-04-23 05:50:03] Clinica San Francesco Verona: 0 slot
[2026-04-23 05:50:03] Clinica San Francesco (alt): 0 slot
[2026-04-23 05:50:04] ✉️ Telegram OK
[2026-04-23 05:50:04] === Check completato ===
[2026-04-23 05:55:01] === Check avviato ===
[2026-04-23 05:55:02] Sacro Cuore Negrar: 0 slot
[2026-04-23 05:55:02] Clinica San Francesco Verona: 0 slot
[2026-04-23 05:55:03] Clinica San Francesco (alt): 0 slot
[2026-04-23 05:55:03] ✉️ Telegram OK
[2026-04-23 05:55:03] === Check completato ===
[2026-04-23 05:55:01] === Check avviato ===
[2026-04-23 05:55:02] Sacro Cuore Negrar: 0 slot
[2026-04-23 05:55:02] Clinica San Francesco Verona: 0 slot
[2026-04-23 05:55:03] Clinica San Francesco (alt): 0 slot
[2026-04-23 05:55:03] ✉️ Telegram OK
[2026-04-23 05:55:03] === Check completato ===
[2026-04-23 06:00:02] === Check avviato ===
[2026-04-23 06:00:03] Sacro Cuore Negrar: 0 slot
[2026-04-23 06:00:03] Clinica San Francesco Verona: 0 slot
[2026-04-23 06:00:04] Clinica San Francesco (alt): 0 slot
[2026-04-23 06:00:04] ✉️ Telegram OK
[2026-04-23 06:00:04] === Check completato ===
[2026-04-23 06:00:02] === Check avviato ===
[2026-04-23 06:00:03] Sacro Cuore Negrar: 0 slot
[2026-04-23 06:00:03] Clinica San Francesco Verona: 0 slot
[2026-04-23 06:00:04] Clinica San Francesco (alt): 0 slot
[2026-04-23 06:00:04] ✉️ Telegram OK
[2026-04-23 06:00:04] === Check completato ===
[2026-04-23 06:05:01] === Check avviato ===
[2026-04-23 06:05:02] Sacro Cuore Negrar: 0 slot
[2026-04-23 06:05:02] Clinica San Francesco Verona: 0 slot
[2026-04-23 06:05:03] Clinica San Francesco (alt): 0 slot
[2026-04-23 06:05:03] ✉️ Telegram OK
[2026-04-23 06:05:03] === Check completato ===
[2026-04-23 06:05:01] === Check avviato ===
[2026-04-23 06:05:02] Sacro Cuore Negrar: 0 slot
[2026-04-23 06:05:02] Clinica San Francesco Verona: 0 slot
[2026-04-23 06:05:03] Clinica San Francesco (alt): 0 slot
[2026-04-23 06:05:03] ✉️ Telegram OK
[2026-04-23 06:05:03] === Check completato ===
[2026-04-23 06:10:01] === Check avviato ===
[2026-04-23 06:10:02] Sacro Cuore Negrar: 0 slot
[2026-04-23 06:10:02] Clinica San Francesco Verona: 0 slot
[2026-04-23 06:10:03] Clinica San Francesco (alt): 0 slot
[2026-04-23 06:10:03] ✉️ Telegram OK
[2026-04-23 06:10:03] === Check completato ===
[2026-04-23 06:10:01] === Check avviato ===
[2026-04-23 06:10:02] Sacro Cuore Negrar: 0 slot
[2026-04-23 06:10:02] Clinica San Francesco Verona: 0 slot
[2026-04-23 06:10:03] Clinica San Francesco (alt): 0 slot
[2026-04-23 06:10:03] ✉️ Telegram OK
[2026-04-23 06:10:03] === Check completato ===
[2026-04-23 06:15:02] === Check avviato ===
[2026-04-23 06:15:02] Sacro Cuore Negrar: 0 slot
[2026-04-23 06:15:03] Clinica San Francesco Verona: 0 slot
[2026-04-23 06:15:03] Clinica San Francesco (alt): 0 slot
[2026-04-23 06:15:03] ✉️ Telegram OK
[2026-04-23 06:15:03] === Check completato ===
[2026-04-23 06:15:02] === Check avviato ===
[2026-04-23 06:15:02] Sacro Cuore Negrar: 0 slot
[2026-04-23 06:15:03] Clinica San Francesco Verona: 0 slot
[2026-04-23 06:15:03] Clinica San Francesco (alt): 0 slot
[2026-04-23 06:15:03] ✉️ Telegram OK
[2026-04-23 06:15:03] === Check completato ===
[2026-04-23 06:20:02] === Check avviato ===
[2026-04-23 06:20:02] Sacro Cuore Negrar: 0 slot
[2026-04-23 06:20:03] Clinica San Francesco Verona: 0 slot
[2026-04-23 06:20:03] Clinica San Francesco (alt): 0 slot
[2026-04-23 06:20:04] ✉️ Telegram OK
[2026-04-23 06:20:04] === Check completato ===
[2026-04-23 06:20:02] === Check avviato ===
[2026-04-23 06:20:02] Sacro Cuore Negrar: 0 slot
[2026-04-23 06:20:03] Clinica San Francesco Verona: 0 slot
[2026-04-23 06:20:03] Clinica San Francesco (alt): 0 slot
[2026-04-23 06:20:04] ✉️ Telegram OK
[2026-04-23 06:20:04] === Check completato ===
[2026-04-23 06:25:01] === Check avviato ===
[2026-04-23 06:25:02] Sacro Cuore Negrar: 0 slot
[2026-04-23 06:25:02] Clinica San Francesco Verona: 0 slot
[2026-04-23 06:25:03] Clinica San Francesco (alt): 0 slot
[2026-04-23 06:25:03] ✉️ Telegram OK
[2026-04-23 06:25:03] === Check completato ===
[2026-04-23 06:25:01] === Check avviato ===
[2026-04-23 06:25:02] Sacro Cuore Negrar: 0 slot
[2026-04-23 06:25:02] Clinica San Francesco Verona: 0 slot
[2026-04-23 06:25:03] Clinica San Francesco (alt): 0 slot
[2026-04-23 06:25:03] ✉️ Telegram OK
[2026-04-23 06:25:03] === Check completato ===
[2026-04-23 06:30:03] === Check avviato ===
[2026-04-23 06:30:03] Sacro Cuore Negrar: 0 slot
[2026-04-23 06:30:04] Clinica San Francesco Verona: 0 slot
[2026-04-23 06:30:04] Clinica San Francesco (alt): 0 slot
[2026-04-23 06:30:04] ✉️ Telegram OK
[2026-04-23 06:30:04] === Check completato ===
[2026-04-23 06:30:03] === Check avviato ===
[2026-04-23 06:30:03] Sacro Cuore Negrar: 0 slot
[2026-04-23 06:30:04] Clinica San Francesco Verona: 0 slot
[2026-04-23 06:30:04] Clinica San Francesco (alt): 0 slot
[2026-04-23 06:30:04] ✉️ Telegram OK
[2026-04-23 06:30:04] === Check completato ===
[2026-04-23 06:35:02] === Check avviato ===
[2026-04-23 06:35:03] Sacro Cuore Negrar: 0 slot
[2026-04-23 06:35:03] Clinica San Francesco Verona: 0 slot
[2026-04-23 06:35:03] Clinica San Francesco (alt): 0 slot
[2026-04-23 06:35:03] ✉️ Telegram OK
[2026-04-23 06:35:03] === Check completato ===
[2026-04-23 06:35:02] === Check avviato ===
[2026-04-23 06:35:03] Sacro Cuore Negrar: 0 slot
[2026-04-23 06:35:03] Clinica San Francesco Verona: 0 slot
[2026-04-23 06:35:03] Clinica San Francesco (alt): 0 slot
[2026-04-23 06:35:03] ✉️ Telegram OK
[2026-04-23 06:35:03] === Check completato ===
[2026-04-23 06:40:02] === Check avviato ===
[2026-04-23 06:40:03] Sacro Cuore Negrar: 0 slot
[2026-04-23 06:40:04] Clinica San Francesco Verona: 0 slot
[2026-04-23 06:40:04] Clinica San Francesco (alt): 0 slot
[2026-04-23 06:40:04] ✉️ Telegram OK
[2026-04-23 06:40:04] === Check completato ===
[2026-04-23 06:40:02] === Check avviato ===
[2026-04-23 06:40:03] Sacro Cuore Negrar: 0 slot
[2026-04-23 06:40:04] Clinica San Francesco Verona: 0 slot
[2026-04-23 06:40:04] Clinica San Francesco (alt): 0 slot
[2026-04-23 06:40:04] ✉️ Telegram OK
[2026-04-23 06:40:04] === Check completato ===
[2026-04-23 06:45:01] === Check avviato ===
[2026-04-23 06:45:01] Sacro Cuore Negrar: 0 slot
[2026-04-23 06:45:02] Clinica San Francesco Verona: 0 slot
[2026-04-23 06:45:02] Clinica San Francesco (alt): 0 slot
[2026-04-23 06:45:02] ✉️ Telegram OK
[2026-04-23 06:45:02] === Check completato ===
[2026-04-23 06:45:01] === Check avviato ===
[2026-04-23 06:45:01] Sacro Cuore Negrar: 0 slot
[2026-04-23 06:45:02] Clinica San Francesco Verona: 0 slot
[2026-04-23 06:45:02] Clinica San Francesco (alt): 0 slot
[2026-04-23 06:45:02] ✉️ Telegram OK
[2026-04-23 06:45:02] === Check completato ===
[2026-04-23 06:50:02] === Check avviato ===
[2026-04-23 06:50:03] Sacro Cuore Negrar: 0 slot
[2026-04-23 06:50:03] Clinica San Francesco Verona: 0 slot
[2026-04-23 06:50:04] Clinica San Francesco (alt): 0 slot
[2026-04-23 06:50:05] ✉️ Telegram OK
[2026-04-23 06:50:05] === Check completato ===
[2026-04-23 06:50:02] === Check avviato ===
[2026-04-23 06:50:03] Sacro Cuore Negrar: 0 slot
[2026-04-23 06:50:03] Clinica San Francesco Verona: 0 slot
[2026-04-23 06:50:04] Clinica San Francesco (alt): 0 slot
[2026-04-23 06:50:05] ✉️ Telegram OK
[2026-04-23 06:50:05] === Check completato ===
[2026-04-23 06:55:02] === Check avviato ===
[2026-04-23 06:55:02] Sacro Cuore Negrar: 0 slot
[2026-04-23 06:55:02] Clinica San Francesco Verona: 0 slot
[2026-04-23 06:55:03] Clinica San Francesco (alt): 0 slot
[2026-04-23 06:55:03] ✉️ Telegram OK
[2026-04-23 06:55:03] === Check completato ===
[2026-04-23 06:55:02] === Check avviato ===
[2026-04-23 06:55:02] Sacro Cuore Negrar: 0 slot
[2026-04-23 06:55:02] Clinica San Francesco Verona: 0 slot
[2026-04-23 06:55:03] Clinica San Francesco (alt): 0 slot
[2026-04-23 06:55:03] ✉️ Telegram OK
[2026-04-23 06:55:03] === Check completato ===
[2026-04-23 07:00:02] === Check avviato ===
[2026-04-23 07:00:03] Sacro Cuore Negrar: 0 slot
[2026-04-23 07:00:03] Clinica San Francesco Verona: 0 slot
[2026-04-23 07:00:03] Clinica San Francesco (alt): 0 slot
[2026-04-23 07:00:04] ✉️ Telegram OK
[2026-04-23 07:00:04] === Check completato ===
[2026-04-23 07:00:02] === Check avviato ===
[2026-04-23 07:00:03] Sacro Cuore Negrar: 0 slot
[2026-04-23 07:00:03] Clinica San Francesco Verona: 0 slot
[2026-04-23 07:00:03] Clinica San Francesco (alt): 0 slot
[2026-04-23 07:00:04] ✉️ Telegram OK
[2026-04-23 07:00:04] === Check completato ===
[2026-04-23 07:05:02] === Check avviato ===
[2026-04-23 07:05:02] Sacro Cuore Negrar: 0 slot
[2026-04-23 07:05:02] Clinica San Francesco Verona: 0 slot
[2026-04-23 07:05:03] Clinica San Francesco (alt): 0 slot
[2026-04-23 07:05:03] ✉️ Telegram OK
[2026-04-23 07:05:03] === Check completato ===
[2026-04-23 07:05:02] === Check avviato ===
[2026-04-23 07:05:02] Sacro Cuore Negrar: 0 slot
[2026-04-23 07:05:02] Clinica San Francesco Verona: 0 slot
[2026-04-23 07:05:03] Clinica San Francesco (alt): 0 slot
[2026-04-23 07:05:03] ✉️ Telegram OK
[2026-04-23 07:05:03] === Check completato ===
[2026-04-23 07:10:02] === Check avviato ===
[2026-04-23 07:10:03] Sacro Cuore Negrar: 0 slot
[2026-04-23 07:10:03] Clinica San Francesco Verona: 0 slot
[2026-04-23 07:10:03] Clinica San Francesco (alt): 0 slot
[2026-04-23 07:10:03] ✉️ Telegram OK
[2026-04-23 07:10:03] === Check completato ===
[2026-04-23 07:10:02] === Check avviato ===
[2026-04-23 07:10:03] Sacro Cuore Negrar: 0 slot
[2026-04-23 07:10:03] Clinica San Francesco Verona: 0 slot
[2026-04-23 07:10:03] Clinica San Francesco (alt): 0 slot
[2026-04-23 07:10:03] ✉️ Telegram OK
[2026-04-23 07:10:03] === Check completato ===
[2026-04-23 07:15:01] === Check avviato ===
[2026-04-23 07:15:02] Sacro Cuore Negrar: 0 slot
[2026-04-23 07:15:02] Clinica San Francesco Verona: 0 slot
[2026-04-23 07:15:03] Clinica San Francesco (alt): 0 slot
[2026-04-23 07:15:03] ✉️ Telegram OK
[2026-04-23 07:15:03] === Check completato ===
[2026-04-23 07:15:01] === Check avviato ===
[2026-04-23 07:15:02] Sacro Cuore Negrar: 0 slot
[2026-04-23 07:15:02] Clinica San Francesco Verona: 0 slot
[2026-04-23 07:15:03] Clinica San Francesco (alt): 0 slot
[2026-04-23 07:15:03] ✉️ Telegram OK
[2026-04-23 07:15:03] === Check completato ===
[2026-04-23 07:20:01] === Check avviato ===
[2026-04-23 07:20:02] Sacro Cuore Negrar: 0 slot
[2026-04-23 07:20:02] Clinica San Francesco Verona: 0 slot
[2026-04-23 07:20:03] Clinica San Francesco (alt): 0 slot
[2026-04-23 07:20:03] ✉️ Telegram OK
[2026-04-23 07:20:03] === Check completato ===
[2026-04-23 07:20:01] === Check avviato ===
[2026-04-23 07:20:02] Sacro Cuore Negrar: 0 slot
[2026-04-23 07:20:02] Clinica San Francesco Verona: 0 slot
[2026-04-23 07:20:03] Clinica San Francesco (alt): 0 slot
[2026-04-23 07:20:03] ✉️ Telegram OK
[2026-04-23 07:20:03] === Check completato ===
[2026-04-23 07:25:01] === Check avviato ===
[2026-04-23 07:25:02] Sacro Cuore Negrar: 0 slot
[2026-04-23 07:25:02] Clinica San Francesco Verona: 0 slot
[2026-04-23 07:25:03] Clinica San Francesco (alt): 0 slot
[2026-04-23 07:25:03] ✉️ Telegram OK
[2026-04-23 07:25:03] === Check completato ===
[2026-04-23 07:25:01] === Check avviato ===
[2026-04-23 07:25:02] Sacro Cuore Negrar: 0 slot
[2026-04-23 07:25:02] Clinica San Francesco Verona: 0 slot
[2026-04-23 07:25:03] Clinica San Francesco (alt): 0 slot
[2026-04-23 07:25:03] ✉️ Telegram OK
[2026-04-23 07:25:03] === Check completato ===
[2026-04-23 07:30:03] === Check avviato ===
[2026-04-23 07:30:04] Sacro Cuore Negrar: 0 slot
[2026-04-23 07:30:04] Clinica San Francesco Verona: 0 slot
[2026-04-23 07:30:05] Clinica San Francesco (alt): 0 slot
[2026-04-23 07:30:05] ✉️ Telegram OK
[2026-04-23 07:30:05] === Check completato ===
[2026-04-23 07:30:03] === Check avviato ===
[2026-04-23 07:30:04] Sacro Cuore Negrar: 0 slot
[2026-04-23 07:30:04] Clinica San Francesco Verona: 0 slot
[2026-04-23 07:30:05] Clinica San Francesco (alt): 0 slot
[2026-04-23 07:30:05] ✉️ Telegram OK
[2026-04-23 07:30:05] === Check completato ===
[2026-04-23 07:35:02] === Check avviato ===
[2026-04-23 07:35:02] Sacro Cuore Negrar: 0 slot
[2026-04-23 07:35:02] Clinica San Francesco Verona: 0 slot
[2026-04-23 07:35:03] Clinica San Francesco (alt): 0 slot
[2026-04-23 07:35:03] ✉️ Telegram OK
[2026-04-23 07:35:03] === Check completato ===
[2026-04-23 07:35:02] === Check avviato ===
[2026-04-23 07:35:02] Sacro Cuore Negrar: 0 slot
[2026-04-23 07:35:02] Clinica San Francesco Verona: 0 slot
[2026-04-23 07:35:03] Clinica San Francesco (alt): 0 slot
[2026-04-23 07:35:03] ✉️ Telegram OK
[2026-04-23 07:35:03] === Check completato ===
[2026-04-23 07:40:02] === Check avviato ===
[2026-04-23 07:40:02] Sacro Cuore Negrar: 0 slot
[2026-04-23 07:40:02] Clinica San Francesco Verona: 0 slot
[2026-04-23 07:40:03] Clinica San Francesco (alt): 0 slot
[2026-04-23 07:40:13] ✉️ Telegram OK
[2026-04-23 07:40:13] === Check completato ===
[2026-04-23 07:40:02] === Check avviato ===
[2026-04-23 07:40:02] Sacro Cuore Negrar: 0 slot
[2026-04-23 07:40:02] Clinica San Francesco Verona: 0 slot
[2026-04-23 07:40:03] Clinica San Francesco (alt): 0 slot
[2026-04-23 07:40:13] ✉️ Telegram OK
[2026-04-23 07:40:13] === Check completato ===
[2026-04-23 07:45:01] === Check avviato ===
[2026-04-23 07:45:02] Sacro Cuore Negrar: 0 slot
[2026-04-23 07:45:02] Clinica San Francesco Verona: 0 slot
[2026-04-23 07:45:03] Clinica San Francesco (alt): 0 slot
[2026-04-23 07:45:03] ✉️ Telegram OK
[2026-04-23 07:45:03] === Check completato ===
[2026-04-23 07:45:01] === Check avviato ===
[2026-04-23 07:45:02] Sacro Cuore Negrar: 0 slot
[2026-04-23 07:45:02] Clinica San Francesco Verona: 0 slot
[2026-04-23 07:45:03] Clinica San Francesco (alt): 0 slot
[2026-04-23 07:45:03] ✉️ Telegram OK
[2026-04-23 07:45:03] === Check completato ===
[2026-04-23 07:50:02] === Check avviato ===
[2026-04-23 07:50:03] Sacro Cuore Negrar: 0 slot
[2026-04-23 07:50:03] Clinica San Francesco Verona: 0 slot
[2026-04-23 07:50:04] Clinica San Francesco (alt): 0 slot
[2026-04-23 07:50:04] ✉️ Telegram OK
[2026-04-23 07:50:04] === Check completato ===
[2026-04-23 07:50:02] === Check avviato ===
[2026-04-23 07:50:03] Sacro Cuore Negrar: 0 slot
[2026-04-23 07:50:03] Clinica San Francesco Verona: 0 slot
[2026-04-23 07:50:04] Clinica San Francesco (alt): 0 slot
[2026-04-23 07:50:04] ✉️ Telegram OK
[2026-04-23 07:50:04] === Check completato ===
[2026-04-23 07:55:02] === Check avviato ===
[2026-04-23 07:55:02] Sacro Cuore Negrar: 0 slot
[2026-04-23 07:55:02] Clinica San Francesco Verona: 0 slot
[2026-04-23 07:55:03] Clinica San Francesco (alt): 0 slot
[2026-04-23 07:55:03] ✉️ Telegram OK
[2026-04-23 07:55:03] === Check completato ===
[2026-04-23 07:55:02] === Check avviato ===
[2026-04-23 07:55:02] Sacro Cuore Negrar: 0 slot
[2026-04-23 07:55:02] Clinica San Francesco Verona: 0 slot
[2026-04-23 07:55:03] Clinica San Francesco (alt): 0 slot
[2026-04-23 07:55:03] ✉️ Telegram OK
[2026-04-23 07:55:03] === Check completato ===
[2026-04-23 08:00:03] === Check avviato ===
[2026-04-23 08:00:05] Sacro Cuore Negrar: 0 slot
[2026-04-23 08:00:05] Clinica San Francesco Verona: 0 slot
[2026-04-23 08:00:06] Clinica San Francesco (alt): 0 slot
[2026-04-23 08:00:07] ✉️ Telegram OK
[2026-04-23 08:00:07] === Check completato ===
[2026-04-23 08:00:03] === Check avviato ===
[2026-04-23 08:00:05] Sacro Cuore Negrar: 0 slot
[2026-04-23 08:00:05] Clinica San Francesco Verona: 0 slot
[2026-04-23 08:00:06] Clinica San Francesco (alt): 0 slot
[2026-04-23 08:00:07] ✉️ Telegram OK
[2026-04-23 08:00:07] === Check completato ===
[2026-04-23 08:05:01] === Check avviato ===
[2026-04-23 08:05:02] Sacro Cuore Negrar: 0 slot
[2026-04-23 08:05:02] Clinica San Francesco Verona: 0 slot
[2026-04-23 08:05:02] Clinica San Francesco (alt): 0 slot
[2026-04-23 08:05:02] ✉️ Telegram OK
[2026-04-23 08:05:02] === Check completato ===
[2026-04-23 08:05:01] === Check avviato ===
[2026-04-23 08:05:02] Sacro Cuore Negrar: 0 slot
[2026-04-23 08:05:02] Clinica San Francesco Verona: 0 slot
[2026-04-23 08:05:02] Clinica San Francesco (alt): 0 slot
[2026-04-23 08:05:02] ✉️ Telegram OK
[2026-04-23 08:05:02] === Check completato ===
[2026-04-23 08:10:01] === Check avviato ===
[2026-04-23 08:10:02] Sacro Cuore Negrar: 0 slot
[2026-04-23 08:10:02] Clinica San Francesco Verona: 0 slot
[2026-04-23 08:10:03] Clinica San Francesco (alt): 0 slot
[2026-04-23 08:10:03] ✉️ Telegram OK
[2026-04-23 08:10:03] === Check completato ===
[2026-04-23 08:10:01] === Check avviato ===
[2026-04-23 08:10:02] Sacro Cuore Negrar: 0 slot
[2026-04-23 08:10:02] Clinica San Francesco Verona: 0 slot
[2026-04-23 08:10:03] Clinica San Francesco (alt): 0 slot
[2026-04-23 08:10:03] ✉️ Telegram OK
[2026-04-23 08:10:03] === Check completato ===
[2026-04-23 08:15:02] === Check avviato ===
[2026-04-23 08:15:02] Sacro Cuore Negrar: 0 slot
[2026-04-23 08:15:03] Clinica San Francesco Verona: 0 slot
[2026-04-23 08:15:03] Clinica San Francesco (alt): 0 slot
[2026-04-23 08:15:03] ✉️ Telegram OK
[2026-04-23 08:15:03] === Check completato ===
[2026-04-23 08:15:02] === Check avviato ===
[2026-04-23 08:15:02] Sacro Cuore Negrar: 0 slot
[2026-04-23 08:15:03] Clinica San Francesco Verona: 0 slot
[2026-04-23 08:15:03] Clinica San Francesco (alt): 0 slot
[2026-04-23 08:15:03] ✉️ Telegram OK
[2026-04-23 08:15:03] === Check completato ===
[2026-04-23 08:20:02] === Check avviato ===
[2026-04-23 08:20:03] Sacro Cuore Negrar: 0 slot
[2026-04-23 08:20:03] Clinica San Francesco Verona: 0 slot
[2026-04-23 08:20:04] Clinica San Francesco (alt): 0 slot
[2026-04-23 08:20:04] ✉️ Telegram OK
[2026-04-23 08:20:04] === Check completato ===
[2026-04-23 08:20:02] === Check avviato ===
[2026-04-23 08:20:03] Sacro Cuore Negrar: 0 slot
[2026-04-23 08:20:03] Clinica San Francesco Verona: 0 slot
[2026-04-23 08:20:04] Clinica San Francesco (alt): 0 slot
[2026-04-23 08:20:04] ✉️ Telegram OK
[2026-04-23 08:20:04] === Check completato ===
[2026-04-23 08:25:02] === Check avviato ===
[2026-04-23 08:25:02] Sacro Cuore Negrar: 0 slot
[2026-04-23 08:25:02] Clinica San Francesco Verona: 0 slot
[2026-04-23 08:25:03] Clinica San Francesco (alt): 0 slot
[2026-04-23 08:25:03] ✉️ Telegram OK
[2026-04-23 08:25:03] === Check completato ===
[2026-04-23 08:25:02] === Check avviato ===
[2026-04-23 08:25:02] Sacro Cuore Negrar: 0 slot
[2026-04-23 08:25:02] Clinica San Francesco Verona: 0 slot
[2026-04-23 08:25:03] Clinica San Francesco (alt): 0 slot
[2026-04-23 08:25:03] ✉️ Telegram OK
[2026-04-23 08:25:03] === Check completato ===
[2026-04-23 08:30:02] === Check avviato ===
[2026-04-23 08:30:03] Sacro Cuore Negrar: 0 slot
[2026-04-23 08:30:03] Clinica San Francesco Verona: 0 slot
[2026-04-23 08:30:03] Clinica San Francesco (alt): 0 slot
[2026-04-23 08:30:03] ✉️ Telegram OK
[2026-04-23 08:30:03] === Check completato ===
[2026-04-23 08:30:02] === Check avviato ===
[2026-04-23 08:30:03] Sacro Cuore Negrar: 0 slot
[2026-04-23 08:30:03] Clinica San Francesco Verona: 0 slot
[2026-04-23 08:30:03] Clinica San Francesco (alt): 0 slot
[2026-04-23 08:30:03] ✉️ Telegram OK
[2026-04-23 08:30:03] === Check completato ===
[2026-04-23 08:35:02] === Check avviato ===
[2026-04-23 08:35:02] Sacro Cuore Negrar: 0 slot
[2026-04-23 08:35:03] Clinica San Francesco Verona: 0 slot
[2026-04-23 08:35:03] Clinica San Francesco (alt): 0 slot
[2026-04-23 08:35:03] ✉️ Telegram OK
[2026-04-23 08:35:03] === Check completato ===
[2026-04-23 08:35:02] === Check avviato ===
[2026-04-23 08:35:02] Sacro Cuore Negrar: 0 slot
[2026-04-23 08:35:03] Clinica San Francesco Verona: 0 slot
[2026-04-23 08:35:03] Clinica San Francesco (alt): 0 slot
[2026-04-23 08:35:03] ✉️ Telegram OK
[2026-04-23 08:35:03] === Check completato ===
[2026-04-23 08:40:01] === Check avviato ===
[2026-04-23 08:40:02] Sacro Cuore Negrar: 0 slot
[2026-04-23 08:40:02] Clinica San Francesco Verona: 0 slot
[2026-04-23 08:40:03] Clinica San Francesco (alt): 0 slot
[2026-04-23 08:40:03] ✉️ Telegram OK
[2026-04-23 08:40:03] === Check completato ===
[2026-04-23 08:40:01] === Check avviato ===
[2026-04-23 08:40:02] Sacro Cuore Negrar: 0 slot
[2026-04-23 08:40:02] Clinica San Francesco Verona: 0 slot
[2026-04-23 08:40:03] Clinica San Francesco (alt): 0 slot
[2026-04-23 08:40:03] ✉️ Telegram OK
[2026-04-23 08:40:03] === Check completato ===
[2026-04-23 08:45:01] === Check avviato ===
[2026-04-23 08:45:02] Sacro Cuore Negrar: 0 slot
[2026-04-23 08:45:02] Clinica San Francesco Verona: 0 slot
[2026-04-23 08:45:03] Clinica San Francesco (alt): 0 slot
[2026-04-23 08:45:03] ✉️ Telegram OK
[2026-04-23 08:45:03] === Check completato ===
[2026-04-23 08:45:01] === Check avviato ===
[2026-04-23 08:45:02] Sacro Cuore Negrar: 0 slot
[2026-04-23 08:45:02] Clinica San Francesco Verona: 0 slot
[2026-04-23 08:45:03] Clinica San Francesco (alt): 0 slot
[2026-04-23 08:45:03] ✉️ Telegram OK
[2026-04-23 08:45:03] === Check completato ===
[2026-04-23 08:50:01] === Check avviato ===
[2026-04-23 08:50:02] Sacro Cuore Negrar: 0 slot
[2026-04-23 08:50:03] Clinica San Francesco Verona: 0 slot
[2026-04-23 08:50:03] Clinica San Francesco (alt): 0 slot
[2026-04-23 08:50:03] ✉️ Telegram OK
[2026-04-23 08:50:03] === Check completato ===
[2026-04-23 08:50:01] === Check avviato ===
[2026-04-23 08:50:02] Sacro Cuore Negrar: 0 slot
[2026-04-23 08:50:03] Clinica San Francesco Verona: 0 slot
[2026-04-23 08:50:03] Clinica San Francesco (alt): 0 slot
[2026-04-23 08:50:03] ✉️ Telegram OK
[2026-04-23 08:50:03] === Check completato ===
[2026-04-23 08:55:01] === Check avviato ===
[2026-04-23 08:55:02] Sacro Cuore Negrar: 0 slot
[2026-04-23 08:55:02] Clinica San Francesco Verona: 0 slot
[2026-04-23 08:55:03] Clinica San Francesco (alt): 0 slot
[2026-04-23 08:55:03] ✉️ Telegram OK
[2026-04-23 08:55:03] === Check completato ===
[2026-04-23 08:55:01] === Check avviato ===
[2026-04-23 08:55:02] Sacro Cuore Negrar: 0 slot
[2026-04-23 08:55:02] Clinica San Francesco Verona: 0 slot
[2026-04-23 08:55:03] Clinica San Francesco (alt): 0 slot
[2026-04-23 08:55:03] ✉️ Telegram OK
[2026-04-23 08:55:03] === Check completato ===
[2026-04-23 09:00:03] === Check avviato ===
[2026-04-23 09:00:04] Sacro Cuore Negrar: 0 slot
[2026-04-23 09:00:04] Clinica San Francesco Verona: 0 slot
[2026-04-23 09:00:04] Clinica San Francesco (alt): 0 slot
[2026-04-23 09:00:05] ✉️ Telegram OK
[2026-04-23 09:00:05] === Check completato ===
[2026-04-23 09:00:03] === Check avviato ===
[2026-04-23 09:00:04] Sacro Cuore Negrar: 0 slot
[2026-04-23 09:00:04] Clinica San Francesco Verona: 0 slot
[2026-04-23 09:00:04] Clinica San Francesco (alt): 0 slot
[2026-04-23 09:00:05] ✉️ Telegram OK
[2026-04-23 09:00:05] === Check completato ===
[2026-04-23 09:05:01] === Check avviato ===
[2026-04-23 09:05:02] Sacro Cuore Negrar: 0 slot
[2026-04-23 09:05:02] Clinica San Francesco Verona: 0 slot
[2026-04-23 09:05:02] Clinica San Francesco (alt): 0 slot
[2026-04-23 09:05:03] ✉️ Telegram OK
[2026-04-23 09:05:03] === Check completato ===
[2026-04-23 09:05:01] === Check avviato ===
[2026-04-23 09:05:02] Sacro Cuore Negrar: 0 slot
[2026-04-23 09:05:02] Clinica San Francesco Verona: 0 slot
[2026-04-23 09:05:02] Clinica San Francesco (alt): 0 slot
[2026-04-23 09:05:03] ✉️ Telegram OK
[2026-04-23 09:05:03] === Check completato ===
[2026-04-23 09:10:02] === Check avviato ===
[2026-04-23 09:10:03] Sacro Cuore Negrar: 0 slot
[2026-04-23 09:10:03] Clinica San Francesco Verona: 0 slot
[2026-04-23 09:10:03] Clinica San Francesco (alt): 0 slot
[2026-04-23 09:10:03] ✉️ Telegram OK
[2026-04-23 09:10:03] === Check completato ===
[2026-04-23 09:10:02] === Check avviato ===
[2026-04-23 09:10:03] Sacro Cuore Negrar: 0 slot
[2026-04-23 09:10:03] Clinica San Francesco Verona: 0 slot
[2026-04-23 09:10:03] Clinica San Francesco (alt): 0 slot
[2026-04-23 09:10:03] ✉️ Telegram OK
[2026-04-23 09:10:03] === Check completato ===
[2026-04-23 09:15:02] === Check avviato ===
[2026-04-23 09:15:03] Sacro Cuore Negrar: 0 slot
[2026-04-23 09:15:03] Clinica San Francesco Verona: 0 slot
[2026-04-23 09:15:03] Clinica San Francesco (alt): 0 slot
[2026-04-23 09:15:04] ✉️ Telegram OK
[2026-04-23 09:15:04] === Check completato ===
[2026-04-23 09:15:02] === Check avviato ===
[2026-04-23 09:15:03] Sacro Cuore Negrar: 0 slot
[2026-04-23 09:15:03] Clinica San Francesco Verona: 0 slot
[2026-04-23 09:15:03] Clinica San Francesco (alt): 0 slot
[2026-04-23 09:15:04] ✉️ Telegram OK
[2026-04-23 09:15:04] === Check completato ===
[2026-04-23 09:20:02] === Check avviato ===
[2026-04-23 09:20:03] Sacro Cuore Negrar: 0 slot
[2026-04-23 09:20:03] Clinica San Francesco Verona: 0 slot
[2026-04-23 09:20:03] Clinica San Francesco (alt): 0 slot
[2026-04-23 09:20:03] ✉️ Telegram OK
[2026-04-23 09:20:03] === Check completato ===
[2026-04-23 09:20:02] === Check avviato ===
[2026-04-23 09:20:03] Sacro Cuore Negrar: 0 slot
[2026-04-23 09:20:03] Clinica San Francesco Verona: 0 slot
[2026-04-23 09:20:03] Clinica San Francesco (alt): 0 slot
[2026-04-23 09:20:03] ✉️ Telegram OK
[2026-04-23 09:20:03] === Check completato ===
[2026-04-23 09:25:01] === Check avviato ===
[2026-04-23 09:25:02] Sacro Cuore Negrar: 0 slot
[2026-04-23 09:25:02] Clinica San Francesco Verona: 0 slot
[2026-04-23 09:25:02] Clinica San Francesco (alt): 0 slot
[2026-04-23 09:25:02] ✉️ Telegram OK
[2026-04-23 09:25:02] === Check completato ===
[2026-04-23 09:25:01] === Check avviato ===
[2026-04-23 09:25:02] Sacro Cuore Negrar: 0 slot
[2026-04-23 09:25:02] Clinica San Francesco Verona: 0 slot
[2026-04-23 09:25:02] Clinica San Francesco (alt): 0 slot
[2026-04-23 09:25:02] ✉️ Telegram OK
[2026-04-23 09:25:02] === Check completato ===
[2026-04-23 09:30:02] === Check avviato ===
[2026-04-23 09:30:02] Sacro Cuore Negrar: 0 slot
[2026-04-23 09:30:03] Clinica San Francesco Verona: 0 slot
[2026-04-23 09:30:04] Clinica San Francesco (alt): 0 slot
[2026-04-23 09:30:04] ✉️ Telegram OK
[2026-04-23 09:30:04] === Check completato ===
[2026-04-23 09:30:02] === Check avviato ===
[2026-04-23 09:30:02] Sacro Cuore Negrar: 0 slot
[2026-04-23 09:30:03] Clinica San Francesco Verona: 0 slot
[2026-04-23 09:30:04] Clinica San Francesco (alt): 0 slot
[2026-04-23 09:30:04] ✉️ Telegram OK
[2026-04-23 09:30:04] === Check completato ===
[2026-04-23 09:35:02] === Check avviato ===
[2026-04-23 09:35:02] Sacro Cuore Negrar: 0 slot
[2026-04-23 09:35:02] Clinica San Francesco Verona: 0 slot
[2026-04-23 09:35:03] Clinica San Francesco (alt): 0 slot
[2026-04-23 09:35:03] ✉️ Telegram OK
[2026-04-23 09:35:03] === Check completato ===
[2026-04-23 09:35:02] === Check avviato ===
[2026-04-23 09:35:02] Sacro Cuore Negrar: 0 slot
[2026-04-23 09:35:02] Clinica San Francesco Verona: 0 slot
[2026-04-23 09:35:03] Clinica San Francesco (alt): 0 slot
[2026-04-23 09:35:03] ✉️ Telegram OK
[2026-04-23 09:35:03] === Check completato ===
[2026-04-23 09:40:01] === Check avviato ===
[2026-04-23 09:40:02] Sacro Cuore Negrar: 0 slot
[2026-04-23 09:40:02] Clinica San Francesco Verona: 0 slot
[2026-04-23 09:40:03] Clinica San Francesco (alt): 0 slot
[2026-04-23 09:40:03] ✉️ Telegram OK
[2026-04-23 09:40:03] === Check completato ===
[2026-04-23 09:40:01] === Check avviato ===
[2026-04-23 09:40:02] Sacro Cuore Negrar: 0 slot
[2026-04-23 09:40:02] Clinica San Francesco Verona: 0 slot
[2026-04-23 09:40:03] Clinica San Francesco (alt): 0 slot
[2026-04-23 09:40:03] ✉️ Telegram OK
[2026-04-23 09:40:03] === Check completato ===
[2026-04-23 09:45:01] === Check avviato ===
[2026-04-23 09:45:02] Sacro Cuore Negrar: 0 slot
[2026-04-23 09:45:02] Clinica San Francesco Verona: 0 slot
[2026-04-23 09:45:03] Clinica San Francesco (alt): 0 slot
[2026-04-23 09:45:03] ✉️ Telegram OK
[2026-04-23 09:45:03] === Check completato ===
[2026-04-23 09:45:01] === Check avviato ===
[2026-04-23 09:45:02] Sacro Cuore Negrar: 0 slot
[2026-04-23 09:45:02] Clinica San Francesco Verona: 0 slot
[2026-04-23 09:45:03] Clinica San Francesco (alt): 0 slot
[2026-04-23 09:45:03] ✉️ Telegram OK
[2026-04-23 09:45:03] === Check completato ===
[2026-04-23 09:50:02] === Check avviato ===
[2026-04-23 09:50:03] Sacro Cuore Negrar: 0 slot
[2026-04-23 09:50:03] Clinica San Francesco Verona: 0 slot
[2026-04-23 09:50:03] Clinica San Francesco (alt): 0 slot
[2026-04-23 09:50:04] ✉️ Telegram OK
[2026-04-23 09:50:04] === Check completato ===
[2026-04-23 09:50:02] === Check avviato ===
[2026-04-23 09:50:03] Sacro Cuore Negrar: 0 slot
[2026-04-23 09:50:03] Clinica San Francesco Verona: 0 slot
[2026-04-23 09:50:03] Clinica San Francesco (alt): 0 slot
[2026-04-23 09:50:04] ✉️ Telegram OK
[2026-04-23 09:50:04] === Check completato ===
[2026-04-23 09:55:02] === Check avviato ===
[2026-04-23 09:55:02] Sacro Cuore Negrar: 0 slot
[2026-04-23 09:55:03] Clinica San Francesco Verona: 0 slot
[2026-04-23 09:55:03] Clinica San Francesco (alt): 0 slot
[2026-04-23 09:55:03] ✉️ Telegram OK
[2026-04-23 09:55:03] === Check completato ===
[2026-04-23 09:55:02] === Check avviato ===
[2026-04-23 09:55:02] Sacro Cuore Negrar: 0 slot
[2026-04-23 09:55:03] Clinica San Francesco Verona: 0 slot
[2026-04-23 09:55:03] Clinica San Francesco (alt): 0 slot
[2026-04-23 09:55:03] ✉️ Telegram OK
[2026-04-23 09:55:03] === Check completato ===
[2026-04-23 10:00:02] === Check avviato ===
[2026-04-23 10:00:03] Sacro Cuore Negrar: 0 slot
[2026-04-23 10:00:03] Clinica San Francesco Verona: 0 slot
[2026-04-23 10:00:04] Clinica San Francesco (alt): 0 slot
[2026-04-23 10:00:04] ✉️ Telegram OK
[2026-04-23 10:00:04] === Check completato ===
[2026-04-23 10:00:02] === Check avviato ===
[2026-04-23 10:00:03] Sacro Cuore Negrar: 0 slot
[2026-04-23 10:00:03] Clinica San Francesco Verona: 0 slot
[2026-04-23 10:00:04] Clinica San Francesco (alt): 0 slot
[2026-04-23 10:00:04] ✉️ Telegram OK
[2026-04-23 10:00:04] === Check completato ===
[2026-04-23 10:05:01] === Check avviato ===
[2026-04-23 10:05:03] Sacro Cuore Negrar: 0 slot
[2026-04-23 10:05:23] ⚠️ Clinica San Francesco Verona: HTTPSConnectionPool(host='app.tuotempo.com', port=443): Read timed out. (read timeout=20)
[2026-04-23 10:05:23] Clinica San Francesco Verona: 0 slot
[2026-04-23 10:05:43] ⚠️ Clinica San Francesco (alt): HTTPSConnectionPool(host='app.tuotempo.com', port=443): Read timed out. (read timeout=20)
[2026-04-23 10:05:43] Clinica San Francesco (alt): 0 slot
[2026-04-23 10:05:43] ✉️ Telegram OK
[2026-04-23 10:05:43] === Check completato ===
[2026-04-23 10:05:01] === Check avviato ===
[2026-04-23 10:05:03] Sacro Cuore Negrar: 0 slot
[2026-04-23 10:05:23] ⚠️ Clinica San Francesco Verona: HTTPSConnectionPool(host='app.tuotempo.com', port=443): Read timed out. (read timeout=20)
[2026-04-23 10:05:23] Clinica San Francesco Verona: 0 slot
[2026-04-23 10:05:43] ⚠️ Clinica San Francesco (alt): HTTPSConnectionPool(host='app.tuotempo.com', port=443): Read timed out. (read timeout=20)
[2026-04-23 10:05:43] Clinica San Francesco (alt): 0 slot
[2026-04-23 10:05:43] ✉️ Telegram OK
[2026-04-23 10:05:43] === Check completato ===
[2026-04-23 10:10:02] === Check avviato ===
[2026-04-23 10:10:03] Sacro Cuore Negrar: 0 slot
[2026-04-23 10:10:23] ⚠️ Clinica San Francesco Verona: HTTPSConnectionPool(host='app.tuotempo.com', port=443): Read timed out. (read timeout=20)
[2026-04-23 10:10:23] Clinica San Francesco Verona: 0 slot
[2026-04-23 10:10:43] ⚠️ Clinica San Francesco (alt): HTTPSConnectionPool(host='app.tuotempo.com', port=443): Read timed out. (read timeout=20)
[2026-04-23 10:10:43] Clinica San Francesco (alt): 0 slot
[2026-04-23 10:10:43] ✉️ Telegram OK
[2026-04-23 10:10:43] === Check completato ===
[2026-04-23 10:10:02] === Check avviato ===
[2026-04-23 10:10:03] Sacro Cuore Negrar: 0 slot
[2026-04-23 10:10:23] ⚠️ Clinica San Francesco Verona: HTTPSConnectionPool(host='app.tuotempo.com', port=443): Read timed out. (read timeout=20)
[2026-04-23 10:10:23] Clinica San Francesco Verona: 0 slot
[2026-04-23 10:10:43] ⚠️ Clinica San Francesco (alt): HTTPSConnectionPool(host='app.tuotempo.com', port=443): Read timed out. (read timeout=20)
[2026-04-23 10:10:43] Clinica San Francesco (alt): 0 slot
[2026-04-23 10:10:43] ✉️ Telegram OK
[2026-04-23 10:10:43] === Check completato ===
[2026-04-23 10:15:02] === Check avviato ===
[2026-04-23 10:15:13] Sacro Cuore Negrar: 0 slot
[2026-04-23 10:15:25] Clinica San Francesco Verona: 0 slot
[2026-04-23 10:15:45] ⚠️ Clinica San Francesco (alt): HTTPSConnectionPool(host='app.tuotempo.com', port=443): Read timed out. (read timeout=20)
[2026-04-23 10:15:45] Clinica San Francesco (alt): 0 slot
[2026-04-23 10:15:45] ✉️ Telegram OK
[2026-04-23 10:15:45] === Check completato ===
[2026-04-23 10:15:02] === Check avviato ===
[2026-04-23 10:15:13] Sacro Cuore Negrar: 0 slot
[2026-04-23 10:15:25] Clinica San Francesco Verona: 0 slot
[2026-04-23 10:15:45] ⚠️ Clinica San Francesco (alt): HTTPSConnectionPool(host='app.tuotempo.com', port=443): Read timed out. (read timeout=20)
[2026-04-23 10:15:45] Clinica San Francesco (alt): 0 slot
[2026-04-23 10:15:45] ✉️ Telegram OK
[2026-04-23 10:15:45] === Check completato ===
[2026-04-23 10:20:02] === Check avviato ===
[2026-04-23 10:20:22] ⚠️ Sacro Cuore Negrar: HTTPSConnectionPool(host='app.tuotempo.com', port=443): Read timed out. (read timeout=20)
[2026-04-23 10:20:22] Sacro Cuore Negrar: 0 slot
[2026-04-23 10:20:42] ⚠️ Clinica San Francesco Verona: HTTPSConnectionPool(host='app.tuotempo.com', port=443): Read timed out. (read timeout=20)
[2026-04-23 10:20:42] Clinica San Francesco Verona: 0 slot
[2026-04-23 10:21:03] ⚠️ Clinica San Francesco (alt): HTTPSConnectionPool(host='app.tuotempo.com', port=443): Read timed out. (read timeout=20)
[2026-04-23 10:21:03] Clinica San Francesco (alt): 0 slot
[2026-04-23 10:21:03] ✉️ Telegram OK
[2026-04-23 10:21:03] === Check completato ===
[2026-04-23 10:20:02] === Check avviato ===
[2026-04-23 10:20:22] ⚠️ Sacro Cuore Negrar: HTTPSConnectionPool(host='app.tuotempo.com', port=443): Read timed out. (read timeout=20)
[2026-04-23 10:20:22] Sacro Cuore Negrar: 0 slot
[2026-04-23 10:20:42] ⚠️ Clinica San Francesco Verona: HTTPSConnectionPool(host='app.tuotempo.com', port=443): Read timed out. (read timeout=20)
[2026-04-23 10:20:42] Clinica San Francesco Verona: 0 slot
[2026-04-23 10:21:03] ⚠️ Clinica San Francesco (alt): HTTPSConnectionPool(host='app.tuotempo.com', port=443): Read timed out. (read timeout=20)
[2026-04-23 10:21:03] Clinica San Francesco (alt): 0 slot
[2026-04-23 10:21:03] ✉️ Telegram OK
[2026-04-23 10:21:03] === Check completato ===
[2026-04-23 10:25:01] === Check avviato ===
[2026-04-23 10:25:04] Sacro Cuore Negrar: 0 slot
[2026-04-23 10:25:24] ⚠️ Clinica San Francesco Verona: HTTPSConnectionPool(host='app.tuotempo.com', port=443): Read timed out. (read timeout=20)
[2026-04-23 10:25:24] Clinica San Francesco Verona: 0 slot
[2026-04-23 10:25:45] ⚠️ Clinica San Francesco (alt): HTTPSConnectionPool(host='app.tuotempo.com', port=443): Read timed out. (read timeout=20)
[2026-04-23 10:25:45] Clinica San Francesco (alt): 0 slot
[2026-04-23 10:25:45] ✉️ Telegram OK
[2026-04-23 10:25:45] === Check completato ===
[2026-04-23 10:25:01] === Check avviato ===
[2026-04-23 10:25:04] Sacro Cuore Negrar: 0 slot
[2026-04-23 10:25:24] ⚠️ Clinica San Francesco Verona: HTTPSConnectionPool(host='app.tuotempo.com', port=443): Read timed out. (read timeout=20)
[2026-04-23 10:25:24] Clinica San Francesco Verona: 0 slot
[2026-04-23 10:25:45] ⚠️ Clinica San Francesco (alt): HTTPSConnectionPool(host='app.tuotempo.com', port=443): Read timed out. (read timeout=20)
[2026-04-23 10:25:45] Clinica San Francesco (alt): 0 slot
[2026-04-23 10:25:45] ✉️ Telegram OK
[2026-04-23 10:25:45] === Check completato ===
[2026-04-23 10:30:03] === Check avviato ===
[2026-04-23 10:30:23] ⚠️ Sacro Cuore Negrar: HTTPSConnectionPool(host='app.tuotempo.com', port=443): Read timed out. (read timeout=20)
[2026-04-23 10:30:23] Sacro Cuore Negrar: 0 slot
[2026-04-23 10:30:23] Clinica San Francesco Verona: 0 slot
[2026-04-23 10:30:43] ⚠️ Clinica San Francesco (alt): HTTPSConnectionPool(host='app.tuotempo.com', port=443): Read timed out. (read timeout=20)
[2026-04-23 10:30:43] Clinica San Francesco (alt): 0 slot
[2026-04-23 10:30:44] ✉️ Telegram OK
[2026-04-23 10:30:44] === Check completato ===
[2026-04-23 10:30:03] === Check avviato ===
[2026-04-23 10:30:23] ⚠️ Sacro Cuore Negrar: HTTPSConnectionPool(host='app.tuotempo.com', port=443): Read timed out. (read timeout=20)
[2026-04-23 10:30:23] Sacro Cuore Negrar: 0 slot
[2026-04-23 10:30:23] Clinica San Francesco Verona: 0 slot
[2026-04-23 10:30:43] ⚠️ Clinica San Francesco (alt): HTTPSConnectionPool(host='app.tuotempo.com', port=443): Read timed out. (read timeout=20)
[2026-04-23 10:30:43] Clinica San Francesco (alt): 0 slot
[2026-04-23 10:30:44] ✉️ Telegram OK
[2026-04-23 10:30:44] === Check completato ===
[2026-04-23 10:35:01] === Check avviato ===
[2026-04-23 10:35:08] Sacro Cuore Negrar: 0 slot
[2026-04-23 10:35:28] ⚠️ Clinica San Francesco Verona: HTTPSConnectionPool(host='app.tuotempo.com', port=443): Read timed out. (read timeout=20)
[2026-04-23 10:35:28] Clinica San Francesco Verona: 0 slot
[2026-04-23 10:35:34] Clinica San Francesco (alt): 0 slot
[2026-04-23 10:35:34] ✉️ Telegram OK
[2026-04-23 10:35:34] === Check completato ===
[2026-04-23 10:35:01] === Check avviato ===
[2026-04-23 10:35:08] Sacro Cuore Negrar: 0 slot
[2026-04-23 10:35:28] ⚠️ Clinica San Francesco Verona: HTTPSConnectionPool(host='app.tuotempo.com', port=443): Read timed out. (read timeout=20)
[2026-04-23 10:35:28] Clinica San Francesco Verona: 0 slot
[2026-04-23 10:35:34] Clinica San Francesco (alt): 0 slot
[2026-04-23 10:35:34] ✉️ Telegram OK
[2026-04-23 10:35:34] === Check completato ===
[2026-04-23 10:40:01] === Check avviato ===
[2026-04-23 10:40:22] ⚠️ Sacro Cuore Negrar: HTTPSConnectionPool(host='app.tuotempo.com', port=443): Read timed out. (read timeout=20)
[2026-04-23 10:40:22] Sacro Cuore Negrar: 0 slot
[2026-04-23 10:40:22] ⚠️ Clinica San Francesco Verona: Expecting value: line 1 column 1 (char 0)
[2026-04-23 10:40:22] Clinica San Francesco Verona: 0 slot
[2026-04-23 10:40:22] ⚠️ Clinica San Francesco (alt): Expecting value: line 1 column 1 (char 0)
[2026-04-23 10:40:22] Clinica San Francesco (alt): 0 slot
[2026-04-23 10:40:22] ✉️ Telegram OK
[2026-04-23 10:40:22] === Check completato ===
[2026-04-23 10:40:01] === Check avviato ===
[2026-04-23 10:40:22] ⚠️ Sacro Cuore Negrar: HTTPSConnectionPool(host='app.tuotempo.com', port=443): Read timed out. (read timeout=20)
[2026-04-23 10:40:22] Sacro Cuore Negrar: 0 slot
[2026-04-23 10:40:22] ⚠️ Clinica San Francesco Verona: Expecting value: line 1 column 1 (char 0)
[2026-04-23 10:40:22] Clinica San Francesco Verona: 0 slot
[2026-04-23 10:40:22] ⚠️ Clinica San Francesco (alt): Expecting value: line 1 column 1 (char 0)
[2026-04-23 10:40:22] Clinica San Francesco (alt): 0 slot
[2026-04-23 10:40:22] ✉️ Telegram OK
[2026-04-23 10:40:22] === Check completato ===
[2026-04-23 10:45:01] === Check avviato ===
[2026-04-23 10:45:07] Sacro Cuore Negrar: 0 slot
[2026-04-23 10:45:08] Clinica San Francesco Verona: 0 slot
[2026-04-23 10:45:08] Clinica San Francesco (alt): 0 slot
[2026-04-23 10:45:08] ✉️ Telegram OK
[2026-04-23 10:45:08] === Check completato ===
[2026-04-23 10:45:01] === Check avviato ===
[2026-04-23 10:45:07] Sacro Cuore Negrar: 0 slot
[2026-04-23 10:45:08] Clinica San Francesco Verona: 0 slot
[2026-04-23 10:45:08] Clinica San Francesco (alt): 0 slot
[2026-04-23 10:45:08] ✉️ Telegram OK
[2026-04-23 10:45:08] === Check completato ===
[2026-04-23 10:50:01] === Check avviato ===
[2026-04-23 10:50:07] Sacro Cuore Negrar: 0 slot
[2026-04-23 10:50:14] Clinica San Francesco Verona: 0 slot
[2026-04-23 10:50:23] Clinica San Francesco (alt): 0 slot
[2026-04-23 10:50:23] ✉️ Telegram OK
[2026-04-23 10:50:23] === Check completato ===
[2026-04-23 10:50:01] === Check avviato ===
[2026-04-23 10:50:07] Sacro Cuore Negrar: 0 slot
[2026-04-23 10:50:14] Clinica San Francesco Verona: 0 slot
[2026-04-23 10:50:23] Clinica San Francesco (alt): 0 slot
[2026-04-23 10:50:23] ✉️ Telegram OK
[2026-04-23 10:50:23] === Check completato ===
[2026-04-23 10:55:01] === Check avviato ===
[2026-04-23 10:55:02] Sacro Cuore Negrar: 0 slot
[2026-04-23 10:55:04] Clinica San Francesco Verona: 0 slot
[2026-04-23 10:55:10] Clinica San Francesco (alt): 0 slot
[2026-04-23 10:55:10] ✉️ Telegram OK
[2026-04-23 10:55:10] === Check completato ===
[2026-04-23 10:55:01] === Check avviato ===
[2026-04-23 10:55:02] Sacro Cuore Negrar: 0 slot
[2026-04-23 10:55:04] Clinica San Francesco Verona: 0 slot
[2026-04-23 10:55:10] Clinica San Francesco (alt): 0 slot
[2026-04-23 10:55:10] ✉️ Telegram OK
[2026-04-23 10:55:10] === Check completato ===
[2026-04-23 11:00:02] === Check avviato ===
[2026-04-23 11:00:03] Sacro Cuore Negrar: 0 slot
[2026-04-23 11:00:03] Clinica San Francesco Verona: 0 slot
[2026-04-23 11:00:04] Clinica San Francesco (alt): 0 slot
[2026-04-23 11:00:04] ✉️ Telegram OK
[2026-04-23 11:00:04] === Check completato ===
[2026-04-23 11:00:02] === Check avviato ===
[2026-04-23 11:00:03] Sacro Cuore Negrar: 0 slot
[2026-04-23 11:00:03] Clinica San Francesco Verona: 0 slot
[2026-04-23 11:00:04] Clinica San Francesco (alt): 0 slot
[2026-04-23 11:00:04] ✉️ Telegram OK
[2026-04-23 11:00:04] === Check completato ===
[2026-04-23 11:05:02] === Check avviato ===
[2026-04-23 11:05:03] Sacro Cuore Negrar: 0 slot
[2026-04-23 11:05:11] Clinica San Francesco Verona: 0 slot
[2026-04-23 11:05:12] Clinica San Francesco (alt): 0 slot
[2026-04-23 11:05:12] ✉️ Telegram OK
[2026-04-23 11:05:12] === Check completato ===
[2026-04-23 11:05:02] === Check avviato ===
[2026-04-23 11:05:03] Sacro Cuore Negrar: 0 slot
[2026-04-23 11:05:11] Clinica San Francesco Verona: 0 slot
[2026-04-23 11:05:12] Clinica San Francesco (alt): 0 slot
[2026-04-23 11:05:12] ✉️ Telegram OK
[2026-04-23 11:05:12] === Check completato ===
[2026-04-23 11:10:02] === Check avviato ===
[2026-04-23 11:10:02] Sacro Cuore Negrar: 0 slot
[2026-04-23 11:10:03] Clinica San Francesco Verona: 0 slot
[2026-04-23 11:10:04] Clinica San Francesco (alt): 0 slot
[2026-04-23 11:10:04] ✉️ Telegram OK
[2026-04-23 11:10:04] === Check completato ===
[2026-04-23 11:10:02] === Check avviato ===
[2026-04-23 11:10:02] Sacro Cuore Negrar: 0 slot
[2026-04-23 11:10:03] Clinica San Francesco Verona: 0 slot
[2026-04-23 11:10:04] Clinica San Francesco (alt): 0 slot
[2026-04-23 11:10:04] ✉️ Telegram OK
[2026-04-23 11:10:04] === Check completato ===
[2026-04-23 11:15:02] === Check avviato ===
[2026-04-23 11:15:03] Sacro Cuore Negrar: 0 slot
[2026-04-23 11:15:03] Clinica San Francesco Verona: 0 slot
[2026-04-23 11:15:03] Clinica San Francesco (alt): 0 slot
[2026-04-23 11:15:03] ✉️ Telegram OK
[2026-04-23 11:15:03] === Check completato ===
[2026-04-23 11:15:02] === Check avviato ===
[2026-04-23 11:15:03] Sacro Cuore Negrar: 0 slot
[2026-04-23 11:15:03] Clinica San Francesco Verona: 0 slot
[2026-04-23 11:15:03] Clinica San Francesco (alt): 0 slot
[2026-04-23 11:15:03] ✉️ Telegram OK
[2026-04-23 11:15:03] === Check completato ===
[2026-04-23 11:20:01] === Check avviato ===
[2026-04-23 11:20:02] Sacro Cuore Negrar: 0 slot
[2026-04-23 11:20:03] Clinica San Francesco Verona: 0 slot
[2026-04-23 11:20:03] Clinica San Francesco (alt): 0 slot
[2026-04-23 11:20:03] ✉️ Telegram OK
[2026-04-23 11:20:03] === Check completato ===
[2026-04-23 11:20:01] === Check avviato ===
[2026-04-23 11:20:02] Sacro Cuore Negrar: 0 slot
[2026-04-23 11:20:03] Clinica San Francesco Verona: 0 slot
[2026-04-23 11:20:03] Clinica San Francesco (alt): 0 slot
[2026-04-23 11:20:03] ✉️ Telegram OK
[2026-04-23 11:20:03] === Check completato ===
[2026-04-23 11:25:01] === Check avviato ===
[2026-04-23 11:25:02] Sacro Cuore Negrar: 0 slot
[2026-04-23 11:25:02] Clinica San Francesco Verona: 0 slot
[2026-04-23 11:25:03] Clinica San Francesco (alt): 0 slot
[2026-04-23 11:25:03] ✉️ Telegram OK
[2026-04-23 11:25:03] === Check completato ===
[2026-04-23 11:25:01] === Check avviato ===
[2026-04-23 11:25:02] Sacro Cuore Negrar: 0 slot
[2026-04-23 11:25:02] Clinica San Francesco Verona: 0 slot
[2026-04-23 11:25:03] Clinica San Francesco (alt): 0 slot
[2026-04-23 11:25:03] ✉️ Telegram OK
[2026-04-23 11:25:03] === Check completato ===
[2026-04-23 11:30:03] === Check avviato ===
[2026-04-23 11:30:03] Sacro Cuore Negrar: 0 slot
[2026-04-23 11:30:04] Clinica San Francesco Verona: 0 slot
[2026-04-23 11:30:04] Clinica San Francesco (alt): 0 slot
[2026-04-23 11:30:05] ✉️ Telegram OK
[2026-04-23 11:30:05] === Check completato ===
[2026-04-23 11:30:03] === Check avviato ===
[2026-04-23 11:30:03] Sacro Cuore Negrar: 0 slot
[2026-04-23 11:30:04] Clinica San Francesco Verona: 0 slot
[2026-04-23 11:30:04] Clinica San Francesco (alt): 0 slot
[2026-04-23 11:30:05] ✉️ Telegram OK
[2026-04-23 11:30:05] === Check completato ===
[2026-04-23 11:35:01] === Check avviato ===
[2026-04-23 11:35:02] Sacro Cuore Negrar: 0 slot
[2026-04-23 11:35:03] Clinica San Francesco Verona: 0 slot
[2026-04-23 11:35:03] Clinica San Francesco (alt): 0 slot
[2026-04-23 11:35:03] ✉️ Telegram OK
[2026-04-23 11:35:03] === Check completato ===
[2026-04-23 11:35:01] === Check avviato ===
[2026-04-23 11:35:02] Sacro Cuore Negrar: 0 slot
[2026-04-23 11:35:03] Clinica San Francesco Verona: 0 slot
[2026-04-23 11:35:03] Clinica San Francesco (alt): 0 slot
[2026-04-23 11:35:03] ✉️ Telegram OK
[2026-04-23 11:35:03] === Check completato ===
[2026-04-23 11:40:02] === Check avviato ===
[2026-04-23 11:40:03] Sacro Cuore Negrar: 0 slot
[2026-04-23 11:40:04] Clinica San Francesco Verona: 0 slot
[2026-04-23 11:40:05] Clinica San Francesco (alt): 0 slot
[2026-04-23 11:40:06] ✉️ Telegram OK
[2026-04-23 11:40:06] === Check completato ===
[2026-04-23 11:40:02] === Check avviato ===
[2026-04-23 11:40:03] Sacro Cuore Negrar: 0 slot
[2026-04-23 11:40:04] Clinica San Francesco Verona: 0 slot
[2026-04-23 11:40:05] Clinica San Francesco (alt): 0 slot
[2026-04-23 11:40:06] ✉️ Telegram OK
[2026-04-23 11:40:06] === Check completato ===
[2026-04-23 11:45:02] === Check avviato ===
[2026-04-23 11:45:02] Sacro Cuore Negrar: 0 slot
[2026-04-23 11:45:03] Clinica San Francesco Verona: 0 slot
[2026-04-23 11:45:03] Clinica San Francesco (alt): 0 slot
[2026-04-23 11:45:03] ✉️ Telegram OK
[2026-04-23 11:45:03] === Check completato ===
[2026-04-23 11:45:02] === Check avviato ===
[2026-04-23 11:45:02] Sacro Cuore Negrar: 0 slot
[2026-04-23 11:45:03] Clinica San Francesco Verona: 0 slot
[2026-04-23 11:45:03] Clinica San Francesco (alt): 0 slot
[2026-04-23 11:45:03] ✉️ Telegram OK
[2026-04-23 11:45:03] === Check completato ===
[2026-04-23 11:50:02] === Check avviato ===
[2026-04-23 11:50:02] Sacro Cuore Negrar: 0 slot
[2026-04-23 11:50:03] Clinica San Francesco Verona: 0 slot
[2026-04-23 11:50:03] Clinica San Francesco (alt): 0 slot
[2026-04-23 11:50:03] ✉️ Telegram OK
[2026-04-23 11:50:03] === Check completato ===
[2026-04-23 11:50:02] === Check avviato ===
[2026-04-23 11:50:02] Sacro Cuore Negrar: 0 slot
[2026-04-23 11:50:03] Clinica San Francesco Verona: 0 slot
[2026-04-23 11:50:03] Clinica San Francesco (alt): 0 slot
[2026-04-23 11:50:03] ✉️ Telegram OK
[2026-04-23 11:50:03] === Check completato ===
[2026-04-23 11:55:01] === Check avviato ===
[2026-04-23 11:55:03] Sacro Cuore Negrar: 0 slot
[2026-04-23 11:55:03] Clinica San Francesco Verona: 0 slot
[2026-04-23 11:55:03] Clinica San Francesco (alt): 0 slot
[2026-04-23 11:55:04] ✉️ Telegram OK
[2026-04-23 11:55:04] === Check completato ===
[2026-04-23 11:55:01] === Check avviato ===
[2026-04-23 11:55:03] Sacro Cuore Negrar: 0 slot
[2026-04-23 11:55:03] Clinica San Francesco Verona: 0 slot
[2026-04-23 11:55:03] Clinica San Francesco (alt): 0 slot
[2026-04-23 11:55:04] ✉️ Telegram OK
[2026-04-23 11:55:04] === Check completato ===
[2026-04-23 12:00:02] === Check avviato ===
[2026-04-23 12:00:03] Sacro Cuore Negrar: 0 slot
[2026-04-23 12:00:04] Clinica San Francesco Verona: 0 slot
[2026-04-23 12:00:04] Clinica San Francesco (alt): 0 slot
[2026-04-23 12:00:04] ✉️ Telegram OK
[2026-04-23 12:00:05] === Check completato ===
[2026-04-23 12:00:02] === Check avviato ===
[2026-04-23 12:00:03] Sacro Cuore Negrar: 0 slot
[2026-04-23 12:00:04] Clinica San Francesco Verona: 0 slot
[2026-04-23 12:00:04] Clinica San Francesco (alt): 0 slot
[2026-04-23 12:00:04] ✉️ Telegram OK
[2026-04-23 12:00:05] === Check completato ===
[2026-04-23 12:05:01] === Check avviato ===
[2026-04-23 12:05:02] Sacro Cuore Negrar: 0 slot
[2026-04-23 12:05:02] Clinica San Francesco Verona: 0 slot
[2026-04-23 12:05:02] Clinica San Francesco (alt): 0 slot
[2026-04-23 12:05:03] ✉️ Telegram OK
[2026-04-23 12:05:03] === Check completato ===
[2026-04-23 12:05:01] === Check avviato ===
[2026-04-23 12:05:02] Sacro Cuore Negrar: 0 slot
[2026-04-23 12:05:02] Clinica San Francesco Verona: 0 slot
[2026-04-23 12:05:02] Clinica San Francesco (alt): 0 slot
[2026-04-23 12:05:03] ✉️ Telegram OK
[2026-04-23 12:05:03] === Check completato ===
[2026-04-23 12:10:03] === Check avviato ===
[2026-04-23 12:10:03] Sacro Cuore Negrar: 0 slot
[2026-04-23 12:10:04] Clinica San Francesco Verona: 0 slot
[2026-04-23 12:10:05] Clinica San Francesco (alt): 0 slot
[2026-04-23 12:10:06] ✉️ Telegram OK
[2026-04-23 12:10:06] === Check completato ===
[2026-04-23 12:10:03] === Check avviato ===
[2026-04-23 12:10:03] Sacro Cuore Negrar: 0 slot
[2026-04-23 12:10:04] Clinica San Francesco Verona: 0 slot
[2026-04-23 12:10:05] Clinica San Francesco (alt): 0 slot
[2026-04-23 12:10:06] ✉️ Telegram OK
[2026-04-23 12:10:06] === Check completato ===
[2026-04-23 12:15:02] === Check avviato ===
[2026-04-23 12:15:02] Sacro Cuore Negrar: 0 slot
[2026-04-23 12:15:02] Clinica San Francesco Verona: 0 slot
[2026-04-23 12:15:03] Clinica San Francesco (alt): 0 slot
[2026-04-23 12:15:03] ✉️ Telegram OK
[2026-04-23 12:15:03] === Check completato ===
[2026-04-23 12:15:02] === Check avviato ===
[2026-04-23 12:15:02] Sacro Cuore Negrar: 0 slot
[2026-04-23 12:15:02] Clinica San Francesco Verona: 0 slot
[2026-04-23 12:15:03] Clinica San Francesco (alt): 0 slot
[2026-04-23 12:15:03] ✉️ Telegram OK
[2026-04-23 12:15:03] === Check completato ===
[2026-04-23 12:20:01] === Check avviato ===
[2026-04-23 12:20:02] Sacro Cuore Negrar: 0 slot
[2026-04-23 12:20:02] Clinica San Francesco Verona: 0 slot
[2026-04-23 12:20:03] Clinica San Francesco (alt): 0 slot
[2026-04-23 12:20:03] ✉️ Telegram OK
[2026-04-23 12:20:03] === Check completato ===
[2026-04-23 12:20:01] === Check avviato ===
[2026-04-23 12:20:02] Sacro Cuore Negrar: 0 slot
[2026-04-23 12:20:02] Clinica San Francesco Verona: 0 slot
[2026-04-23 12:20:03] Clinica San Francesco (alt): 0 slot
[2026-04-23 12:20:03] ✉️ Telegram OK
[2026-04-23 12:20:03] === Check completato ===
[2026-04-23 12:25:01] === Check avviato ===
[2026-04-23 12:25:02] Sacro Cuore Negrar: 0 slot
[2026-04-23 12:25:02] Clinica San Francesco Verona: 0 slot
[2026-04-23 12:25:02] Clinica San Francesco (alt): 0 slot
[2026-04-23 12:25:02] ✉️ Telegram OK
[2026-04-23 12:25:02] === Check completato ===
[2026-04-23 12:25:01] === Check avviato ===
[2026-04-23 12:25:02] Sacro Cuore Negrar: 0 slot
[2026-04-23 12:25:02] Clinica San Francesco Verona: 0 slot
[2026-04-23 12:25:02] Clinica San Francesco (alt): 0 slot
[2026-04-23 12:25:02] ✉️ Telegram OK
[2026-04-23 12:25:02] === Check completato ===
[2026-04-23 12:30:03] === Check avviato ===
[2026-04-23 12:30:03] Sacro Cuore Negrar: 0 slot
[2026-04-23 12:30:04] Clinica San Francesco Verona: 0 slot
[2026-04-23 12:30:05] Clinica San Francesco (alt): 0 slot
[2026-04-23 12:30:05] ✉️ Telegram OK
[2026-04-23 12:30:05] === Check completato ===
[2026-04-23 12:30:03] === Check avviato ===
[2026-04-23 12:30:03] Sacro Cuore Negrar: 0 slot
[2026-04-23 12:30:04] Clinica San Francesco Verona: 0 slot
[2026-04-23 12:30:05] Clinica San Francesco (alt): 0 slot
[2026-04-23 12:30:05] ✉️ Telegram OK
[2026-04-23 12:30:05] === Check completato ===
[2026-04-23 12:35:01] === Check avviato ===
[2026-04-23 12:35:05] Sacro Cuore Negrar: 0 slot
[2026-04-23 12:35:05] Clinica San Francesco Verona: 0 slot
[2026-04-23 12:35:05] Clinica San Francesco (alt): 0 slot
[2026-04-23 12:35:06] ✉️ Telegram OK
[2026-04-23 12:35:06] === Check completato ===
[2026-04-23 12:35:01] === Check avviato ===
[2026-04-23 12:35:05] Sacro Cuore Negrar: 0 slot
[2026-04-23 12:35:05] Clinica San Francesco Verona: 0 slot
[2026-04-23 12:35:05] Clinica San Francesco (alt): 0 slot
[2026-04-23 12:35:06] ✉️ Telegram OK
[2026-04-23 12:35:06] === Check completato ===
[2026-04-23 12:40:02] === Check avviato ===
[2026-04-23 12:40:03] Sacro Cuore Negrar: 0 slot
[2026-04-23 12:40:03] Clinica San Francesco Verona: 0 slot
[2026-04-23 12:40:03] Clinica San Francesco (alt): 0 slot
[2026-04-23 12:40:13] ✉️ Telegram OK
[2026-04-23 12:40:13] === Check completato ===
[2026-04-23 12:40:02] === Check avviato ===
[2026-04-23 12:40:03] Sacro Cuore Negrar: 0 slot
[2026-04-23 12:40:03] Clinica San Francesco Verona: 0 slot
[2026-04-23 12:40:03] Clinica San Francesco (alt): 0 slot
[2026-04-23 12:40:13] ✉️ Telegram OK
[2026-04-23 12:40:13] === Check completato ===
[2026-04-23 12:45:02] === Check avviato ===
[2026-04-23 12:45:02] Sacro Cuore Negrar: 0 slot
[2026-04-23 12:45:03] Clinica San Francesco Verona: 0 slot
[2026-04-23 12:45:03] Clinica San Francesco (alt): 0 slot
[2026-04-23 12:45:03] ✉️ Telegram OK
[2026-04-23 12:45:03] === Check completato ===
[2026-04-23 12:45:02] === Check avviato ===
[2026-04-23 12:45:02] Sacro Cuore Negrar: 0 slot
[2026-04-23 12:45:03] Clinica San Francesco Verona: 0 slot
[2026-04-23 12:45:03] Clinica San Francesco (alt): 0 slot
[2026-04-23 12:45:03] ✉️ Telegram OK
[2026-04-23 12:45:03] === Check completato ===
[2026-04-23 12:50:02] === Check avviato ===
[2026-04-23 12:50:02] Sacro Cuore Negrar: 0 slot
[2026-04-23 12:50:02] Clinica San Francesco Verona: 0 slot
[2026-04-23 12:50:03] Clinica San Francesco (alt): 0 slot
[2026-04-23 12:50:03] ✉️ Telegram OK
[2026-04-23 12:50:03] === Check completato ===
[2026-04-23 12:50:02] === Check avviato ===
[2026-04-23 12:50:02] Sacro Cuore Negrar: 0 slot
[2026-04-23 12:50:02] Clinica San Francesco Verona: 0 slot
[2026-04-23 12:50:03] Clinica San Francesco (alt): 0 slot
[2026-04-23 12:50:03] ✉️ Telegram OK
[2026-04-23 12:50:03] === Check completato ===
[2026-04-23 12:55:02] === Check avviato ===
[2026-04-23 12:55:02] Sacro Cuore Negrar: 0 slot
[2026-04-23 12:55:03] Clinica San Francesco Verona: 0 slot
[2026-04-23 12:55:03] Clinica San Francesco (alt): 0 slot
[2026-04-23 12:55:03] ✉️ Telegram OK
[2026-04-23 12:55:03] === Check completato ===
[2026-04-23 12:55:02] === Check avviato ===
[2026-04-23 12:55:02] Sacro Cuore Negrar: 0 slot
[2026-04-23 12:55:03] Clinica San Francesco Verona: 0 slot
[2026-04-23 12:55:03] Clinica San Francesco (alt): 0 slot
[2026-04-23 12:55:03] ✉️ Telegram OK
[2026-04-23 12:55:03] === Check completato ===
[2026-04-23 13:00:02] === Check avviato ===
[2026-04-23 13:00:03] Sacro Cuore Negrar: 0 slot
[2026-04-23 13:00:03] Clinica San Francesco Verona: 0 slot
[2026-04-23 13:00:03] Clinica San Francesco (alt): 0 slot
[2026-04-23 13:00:04] ✉️ Telegram OK
[2026-04-23 13:00:04] === Check completato ===
[2026-04-23 13:00:02] === Check avviato ===
[2026-04-23 13:00:03] Sacro Cuore Negrar: 0 slot
[2026-04-23 13:00:03] Clinica San Francesco Verona: 0 slot
[2026-04-23 13:00:03] Clinica San Francesco (alt): 0 slot
[2026-04-23 13:00:04] ✉️ Telegram OK
[2026-04-23 13:00:04] === Check completato ===
[2026-04-23 13:05:01] === Check avviato ===
[2026-04-23 13:05:02] Sacro Cuore Negrar: 0 slot
[2026-04-23 13:05:02] Clinica San Francesco Verona: 0 slot
[2026-04-23 13:05:02] Clinica San Francesco (alt): 0 slot
[2026-04-23 13:05:02] ✉️ Telegram OK
[2026-04-23 13:05:02] === Check completato ===
[2026-04-23 13:05:01] === Check avviato ===
[2026-04-23 13:05:02] Sacro Cuore Negrar: 0 slot
[2026-04-23 13:05:02] Clinica San Francesco Verona: 0 slot
[2026-04-23 13:05:02] Clinica San Francesco (alt): 0 slot
[2026-04-23 13:05:02] ✉️ Telegram OK
[2026-04-23 13:05:02] === Check completato ===
[2026-04-23 13:10:02] === Check avviato ===
[2026-04-23 13:10:03] Sacro Cuore Negrar: 0 slot
[2026-04-23 13:10:03] Clinica San Francesco Verona: 0 slot
[2026-04-23 13:10:03] Clinica San Francesco (alt): 0 slot
[2026-04-23 13:10:04] ✉️ Telegram OK
[2026-04-23 13:10:04] === Check completato ===
[2026-04-23 13:10:02] === Check avviato ===
[2026-04-23 13:10:03] Sacro Cuore Negrar: 0 slot
[2026-04-23 13:10:03] Clinica San Francesco Verona: 0 slot
[2026-04-23 13:10:03] Clinica San Francesco (alt): 0 slot
[2026-04-23 13:10:04] ✉️ Telegram OK
[2026-04-23 13:10:04] === Check completato ===
[2026-04-23 13:15:01] === Check avviato ===
[2026-04-23 13:15:01] Sacro Cuore Negrar: 0 slot
[2026-04-23 13:15:02] Clinica San Francesco Verona: 0 slot
[2026-04-23 13:15:02] Clinica San Francesco (alt): 0 slot
[2026-04-23 13:15:02] ✉️ Telegram OK
[2026-04-23 13:15:02] === Check completato ===
[2026-04-23 13:15:01] === Check avviato ===
[2026-04-23 13:15:01] Sacro Cuore Negrar: 0 slot
[2026-04-23 13:15:02] Clinica San Francesco Verona: 0 slot
[2026-04-23 13:15:02] Clinica San Francesco (alt): 0 slot
[2026-04-23 13:15:02] ✉️ Telegram OK
[2026-04-23 13:15:02] === Check completato ===
[2026-04-23 13:20:02] === Check avviato ===
[2026-04-23 13:20:03] Sacro Cuore Negrar: 0 slot
[2026-04-23 13:20:03] Clinica San Francesco Verona: 0 slot
[2026-04-23 13:20:04] Clinica San Francesco (alt): 0 slot
[2026-04-23 13:20:04] ✉️ Telegram OK
[2026-04-23 13:20:04] === Check completato ===
[2026-04-23 13:20:02] === Check avviato ===
[2026-04-23 13:20:03] Sacro Cuore Negrar: 0 slot
[2026-04-23 13:20:03] Clinica San Francesco Verona: 0 slot
[2026-04-23 13:20:04] Clinica San Francesco (alt): 0 slot
[2026-04-23 13:20:04] ✉️ Telegram OK
[2026-04-23 13:20:04] === Check completato ===
[2026-04-23 13:25:01] === Check avviato ===
[2026-04-23 13:25:02] Sacro Cuore Negrar: 0 slot
[2026-04-23 13:25:02] Clinica San Francesco Verona: 0 slot
[2026-04-23 13:25:03] Clinica San Francesco (alt): 0 slot
[2026-04-23 13:25:03] ✉️ Telegram OK
[2026-04-23 13:25:03] === Check completato ===
[2026-04-23 13:25:01] === Check avviato ===
[2026-04-23 13:25:02] Sacro Cuore Negrar: 0 slot
[2026-04-23 13:25:02] Clinica San Francesco Verona: 0 slot
[2026-04-23 13:25:03] Clinica San Francesco (alt): 0 slot
[2026-04-23 13:25:03] ✉️ Telegram OK
[2026-04-23 13:25:03] === Check completato ===
[2026-04-23 13:30:01] === Check avviato ===
[2026-04-23 13:30:02] Sacro Cuore Negrar: 0 slot
[2026-04-23 13:30:03] Clinica San Francesco Verona: 0 slot
[2026-04-23 13:30:03] Clinica San Francesco (alt): 0 slot
[2026-04-23 13:30:03] ✉️ Telegram OK
[2026-04-23 13:30:03] === Check completato ===
[2026-04-23 13:30:01] === Check avviato ===
[2026-04-23 13:30:02] Sacro Cuore Negrar: 0 slot
[2026-04-23 13:30:03] Clinica San Francesco Verona: 0 slot
[2026-04-23 13:30:03] Clinica San Francesco (alt): 0 slot
[2026-04-23 13:30:03] ✉️ Telegram OK
[2026-04-23 13:30:03] === Check completato ===
[2026-04-23 13:35:01] === Check avviato ===
[2026-04-23 13:35:01] Sacro Cuore Negrar: 0 slot
[2026-04-23 13:35:02] Clinica San Francesco Verona: 0 slot
[2026-04-23 13:35:02] Clinica San Francesco (alt): 0 slot
[2026-04-23 13:35:02] ✉️ Telegram OK
[2026-04-23 13:35:02] === Check completato ===
[2026-04-23 13:35:01] === Check avviato ===
[2026-04-23 13:35:01] Sacro Cuore Negrar: 0 slot
[2026-04-23 13:35:02] Clinica San Francesco Verona: 0 slot
[2026-04-23 13:35:02] Clinica San Francesco (alt): 0 slot
[2026-04-23 13:35:02] ✉️ Telegram OK
[2026-04-23 13:35:02] === Check completato ===
[2026-04-23 13:40:02] === Check avviato ===
[2026-04-23 13:40:02] Sacro Cuore Negrar: 0 slot
[2026-04-23 13:40:03] Clinica San Francesco Verona: 0 slot
[2026-04-23 13:40:03] Clinica San Francesco (alt): 0 slot
[2026-04-23 13:40:03] ✉️ Telegram OK
[2026-04-23 13:40:03] === Check completato ===
[2026-04-23 13:40:02] === Check avviato ===
[2026-04-23 13:40:02] Sacro Cuore Negrar: 0 slot
[2026-04-23 13:40:03] Clinica San Francesco Verona: 0 slot
[2026-04-23 13:40:03] Clinica San Francesco (alt): 0 slot
[2026-04-23 13:40:03] ✉️ Telegram OK
[2026-04-23 13:40:03] === Check completato ===
[2026-04-23 13:45:02] === Check avviato ===
[2026-04-23 13:45:02] Sacro Cuore Negrar: 0 slot
[2026-04-23 13:45:03] Clinica San Francesco Verona: 0 slot
[2026-04-23 13:45:03] Clinica San Francesco (alt): 0 slot
[2026-04-23 13:45:03] ✉️ Telegram OK
[2026-04-23 13:45:03] === Check completato ===
[2026-04-23 13:45:02] === Check avviato ===
[2026-04-23 13:45:02] Sacro Cuore Negrar: 0 slot
[2026-04-23 13:45:03] Clinica San Francesco Verona: 0 slot
[2026-04-23 13:45:03] Clinica San Francesco (alt): 0 slot
[2026-04-23 13:45:03] ✉️ Telegram OK
[2026-04-23 13:45:03] === Check completato ===
[2026-04-23 13:50:02] === Check avviato ===
[2026-04-23 13:50:02] Sacro Cuore Negrar: 0 slot
[2026-04-23 13:50:03] Clinica San Francesco Verona: 0 slot
[2026-04-23 13:50:03] Clinica San Francesco (alt): 0 slot
[2026-04-23 13:50:03] ✉️ Telegram OK
[2026-04-23 13:50:03] === Check completato ===
[2026-04-23 13:50:02] === Check avviato ===
[2026-04-23 13:50:02] Sacro Cuore Negrar: 0 slot
[2026-04-23 13:50:03] Clinica San Francesco Verona: 0 slot
[2026-04-23 13:50:03] Clinica San Francesco (alt): 0 slot
[2026-04-23 13:50:03] ✉️ Telegram OK
[2026-04-23 13:50:03] === Check completato ===
[2026-04-23 13:55:02] === Check avviato ===
[2026-04-23 13:55:02] Sacro Cuore Negrar: 0 slot
[2026-04-23 13:55:03] Clinica San Francesco Verona: 0 slot
[2026-04-23 13:55:03] Clinica San Francesco (alt): 0 slot
[2026-04-23 13:55:03] ✉️ Telegram OK
[2026-04-23 13:55:03] === Check completato ===
[2026-04-23 13:55:02] === Check avviato ===
[2026-04-23 13:55:02] Sacro Cuore Negrar: 0 slot
[2026-04-23 13:55:03] Clinica San Francesco Verona: 0 slot
[2026-04-23 13:55:03] Clinica San Francesco (alt): 0 slot
[2026-04-23 13:55:03] ✉️ Telegram OK
[2026-04-23 13:55:03] === Check completato ===
[2026-04-23 14:00:03] === Check avviato ===
[2026-04-23 14:00:04] Sacro Cuore Negrar: 0 slot
[2026-04-23 14:00:04] Clinica San Francesco Verona: 0 slot
[2026-04-23 14:00:05] Clinica San Francesco (alt): 0 slot
[2026-04-23 14:00:05] ✉️ Telegram OK
[2026-04-23 14:00:05] === Check completato ===
[2026-04-23 14:00:03] === Check avviato ===
[2026-04-23 14:00:04] Sacro Cuore Negrar: 0 slot
[2026-04-23 14:00:04] Clinica San Francesco Verona: 0 slot
[2026-04-23 14:00:05] Clinica San Francesco (alt): 0 slot
[2026-04-23 14:00:05] ✉️ Telegram OK
[2026-04-23 14:00:05] === Check completato ===
[2026-04-23 14:05:01] === Check avviato ===
[2026-04-23 14:05:02] Sacro Cuore Negrar: 0 slot
[2026-04-23 14:05:02] Clinica San Francesco Verona: 0 slot
[2026-04-23 14:05:02] Clinica San Francesco (alt): 0 slot
[2026-04-23 14:05:02] ✉️ Telegram OK
[2026-04-23 14:05:02] === Check completato ===
[2026-04-23 14:05:01] === Check avviato ===
[2026-04-23 14:05:02] Sacro Cuore Negrar: 0 slot
[2026-04-23 14:05:02] Clinica San Francesco Verona: 0 slot
[2026-04-23 14:05:02] Clinica San Francesco (alt): 0 slot
[2026-04-23 14:05:02] ✉️ Telegram OK
[2026-04-23 14:05:02] === Check completato ===
[2026-04-23 14:10:01] === Check avviato ===
[2026-04-23 14:10:02] Sacro Cuore Negrar: 0 slot
[2026-04-23 14:10:02] Clinica San Francesco Verona: 0 slot
[2026-04-23 14:10:03] Clinica San Francesco (alt): 0 slot
[2026-04-23 14:10:03] ✉️ Telegram OK
[2026-04-23 14:10:03] === Check completato ===
[2026-04-23 14:10:01] === Check avviato ===
[2026-04-23 14:10:02] Sacro Cuore Negrar: 0 slot
[2026-04-23 14:10:02] Clinica San Francesco Verona: 0 slot
[2026-04-23 14:10:03] Clinica San Francesco (alt): 0 slot
[2026-04-23 14:10:03] ✉️ Telegram OK
[2026-04-23 14:10:03] === Check completato ===
[2026-04-23 14:15:01] === Check avviato ===
[2026-04-23 14:15:02] Sacro Cuore Negrar: 0 slot
[2026-04-23 14:15:02] Clinica San Francesco Verona: 0 slot
[2026-04-23 14:15:03] Clinica San Francesco (alt): 0 slot
[2026-04-23 14:15:03] ✉️ Telegram OK
[2026-04-23 14:15:03] === Check completato ===
[2026-04-23 14:15:01] === Check avviato ===
[2026-04-23 14:15:02] Sacro Cuore Negrar: 0 slot
[2026-04-23 14:15:02] Clinica San Francesco Verona: 0 slot
[2026-04-23 14:15:03] Clinica San Francesco (alt): 0 slot
[2026-04-23 14:15:03] ✉️ Telegram OK
[2026-04-23 14:15:03] === Check completato ===
[2026-04-23 14:20:01] === Check avviato ===
[2026-04-23 14:20:02] Sacro Cuore Negrar: 0 slot
[2026-04-23 14:20:02] Clinica San Francesco Verona: 0 slot
[2026-04-23 14:20:03] Clinica San Francesco (alt): 0 slot
[2026-04-23 14:20:03] ✉️ Telegram OK
[2026-04-23 14:20:03] === Check completato ===
[2026-04-23 14:20:01] === Check avviato ===
[2026-04-23 14:20:02] Sacro Cuore Negrar: 0 slot
[2026-04-23 14:20:02] Clinica San Francesco Verona: 0 slot
[2026-04-23 14:20:03] Clinica San Francesco (alt): 0 slot
[2026-04-23 14:20:03] ✉️ Telegram OK
[2026-04-23 14:20:03] === Check completato ===
[2026-04-23 14:25:01] === Check avviato ===
[2026-04-23 14:25:01] Sacro Cuore Negrar: 0 slot
[2026-04-23 14:25:02] Clinica San Francesco Verona: 0 slot
[2026-04-23 14:25:02] Clinica San Francesco (alt): 0 slot
[2026-04-23 14:25:02] ✉️ Telegram OK
[2026-04-23 14:25:02] === Check completato ===
[2026-04-23 14:25:01] === Check avviato ===
[2026-04-23 14:25:01] Sacro Cuore Negrar: 0 slot
[2026-04-23 14:25:02] Clinica San Francesco Verona: 0 slot
[2026-04-23 14:25:02] Clinica San Francesco (alt): 0 slot
[2026-04-23 14:25:02] ✉️ Telegram OK
[2026-04-23 14:25:02] === Check completato ===
[2026-04-23 14:30:02] === Check avviato ===
[2026-04-23 14:30:03] Sacro Cuore Negrar: 0 slot
[2026-04-23 14:30:03] Clinica San Francesco Verona: 0 slot
[2026-04-23 14:30:04] Clinica San Francesco (alt): 0 slot
[2026-04-23 14:30:05] ✉️ Telegram OK
[2026-04-23 14:30:05] === Check completato ===
[2026-04-23 14:30:02] === Check avviato ===
[2026-04-23 14:30:03] Sacro Cuore Negrar: 0 slot
[2026-04-23 14:30:03] Clinica San Francesco Verona: 0 slot
[2026-04-23 14:30:04] Clinica San Francesco (alt): 0 slot
[2026-04-23 14:30:05] ✉️ Telegram OK
[2026-04-23 14:30:05] === Check completato ===
[2026-04-23 14:35:02] === Check avviato ===
[2026-04-23 14:35:02] Sacro Cuore Negrar: 0 slot
[2026-04-23 14:35:03] Clinica San Francesco Verona: 0 slot
[2026-04-23 14:35:03] Clinica San Francesco (alt): 0 slot
[2026-04-23 14:35:03] ✉️ Telegram OK
[2026-04-23 14:35:03] === Check completato ===
[2026-04-23 14:35:02] === Check avviato ===
[2026-04-23 14:35:02] Sacro Cuore Negrar: 0 slot
[2026-04-23 14:35:03] Clinica San Francesco Verona: 0 slot
[2026-04-23 14:35:03] Clinica San Francesco (alt): 0 slot
[2026-04-23 14:35:03] ✉️ Telegram OK
[2026-04-23 14:35:03] === Check completato ===
[2026-04-23 14:40:02] === Check avviato ===
[2026-04-23 14:40:03] Sacro Cuore Negrar: 0 slot
[2026-04-23 14:40:04] Clinica San Francesco Verona: 0 slot
[2026-04-23 14:40:04] Clinica San Francesco (alt): 0 slot
[2026-04-23 14:40:04] ✉️ Telegram OK
[2026-04-23 14:40:05] === Check completato ===
[2026-04-23 14:40:02] === Check avviato ===
[2026-04-23 14:40:03] Sacro Cuore Negrar: 0 slot
[2026-04-23 14:40:04] Clinica San Francesco Verona: 0 slot
[2026-04-23 14:40:04] Clinica San Francesco (alt): 0 slot
[2026-04-23 14:40:04] ✉️ Telegram OK
[2026-04-23 14:40:05] === Check completato ===
[2026-04-23 14:45:01] === Check avviato ===
[2026-04-23 14:45:02] Sacro Cuore Negrar: 0 slot
[2026-04-23 14:45:02] Clinica San Francesco Verona: 0 slot
[2026-04-23 14:45:03] Clinica San Francesco (alt): 0 slot
[2026-04-23 14:45:03] ✉️ Telegram OK
[2026-04-23 14:45:03] === Check completato ===
[2026-04-23 14:45:01] === Check avviato ===
[2026-04-23 14:45:02] Sacro Cuore Negrar: 0 slot
[2026-04-23 14:45:02] Clinica San Francesco Verona: 0 slot
[2026-04-23 14:45:03] Clinica San Francesco (alt): 0 slot
[2026-04-23 14:45:03] ✉️ Telegram OK
[2026-04-23 14:45:03] === Check completato ===
[2026-04-23 14:50:01] === Check avviato ===
[2026-04-23 14:50:02] Sacro Cuore Negrar: 0 slot
[2026-04-23 14:50:02] Clinica San Francesco Verona: 0 slot
[2026-04-23 14:50:03] Clinica San Francesco (alt): 0 slot
[2026-04-23 14:50:03] ✉️ Telegram OK
[2026-04-23 14:50:03] === Check completato ===
[2026-04-23 14:50:01] === Check avviato ===
[2026-04-23 14:50:02] Sacro Cuore Negrar: 0 slot
[2026-04-23 14:50:02] Clinica San Francesco Verona: 0 slot
[2026-04-23 14:50:03] Clinica San Francesco (alt): 0 slot
[2026-04-23 14:50:03] ✉️ Telegram OK
[2026-04-23 14:50:03] === Check completato ===
[2026-04-23 14:55:02] === Check avviato ===
[2026-04-23 14:55:03] Sacro Cuore Negrar: 0 slot
[2026-04-23 14:55:03] Clinica San Francesco Verona: 0 slot
[2026-04-23 14:55:03] Clinica San Francesco (alt): 0 slot
[2026-04-23 14:55:03] ✉️ Telegram OK
[2026-04-23 14:55:03] === Check completato ===
[2026-04-23 14:55:02] === Check avviato ===
[2026-04-23 14:55:03] Sacro Cuore Negrar: 0 slot
[2026-04-23 14:55:03] Clinica San Francesco Verona: 0 slot
[2026-04-23 14:55:03] Clinica San Francesco (alt): 0 slot
[2026-04-23 14:55:03] ✉️ Telegram OK
[2026-04-23 14:55:03] === Check completato ===
[2026-04-23 15:00:02] === Check avviato ===
[2026-04-23 15:00:03] Sacro Cuore Negrar: 0 slot
[2026-04-23 15:00:03] Clinica San Francesco Verona: 0 slot
[2026-04-23 15:00:04] Clinica San Francesco (alt): 0 slot
[2026-04-23 15:00:04] ✉️ Telegram OK
[2026-04-23 15:00:04] === Check completato ===
[2026-04-23 15:00:02] === Check avviato ===
[2026-04-23 15:00:03] Sacro Cuore Negrar: 0 slot
[2026-04-23 15:00:03] Clinica San Francesco Verona: 0 slot
[2026-04-23 15:00:04] Clinica San Francesco (alt): 0 slot
[2026-04-23 15:00:04] ✉️ Telegram OK
[2026-04-23 15:00:04] === Check completato ===
[2026-04-23 15:05:02] === Check avviato ===
[2026-04-23 15:05:02] Sacro Cuore Negrar: 0 slot
[2026-04-23 15:05:03] Clinica San Francesco Verona: 0 slot
[2026-04-23 15:05:03] Clinica San Francesco (alt): 0 slot
[2026-04-23 15:05:03] ✉️ Telegram OK
[2026-04-23 15:05:03] === Check completato ===
[2026-04-23 15:05:02] === Check avviato ===
[2026-04-23 15:05:02] Sacro Cuore Negrar: 0 slot
[2026-04-23 15:05:03] Clinica San Francesco Verona: 0 slot
[2026-04-23 15:05:03] Clinica San Francesco (alt): 0 slot
[2026-04-23 15:05:03] ✉️ Telegram OK
[2026-04-23 15:05:03] === Check completato ===
[2026-04-23 15:10:01] === Check avviato ===
[2026-04-23 15:10:02] Sacro Cuore Negrar: 0 slot
[2026-04-23 15:10:02] Clinica San Francesco Verona: 0 slot
[2026-04-23 15:10:03] Clinica San Francesco (alt): 0 slot
[2026-04-23 15:10:03] ✉️ Telegram OK
[2026-04-23 15:10:03] === Check completato ===
[2026-04-23 15:10:01] === Check avviato ===
[2026-04-23 15:10:02] Sacro Cuore Negrar: 0 slot
[2026-04-23 15:10:02] Clinica San Francesco Verona: 0 slot
[2026-04-23 15:10:03] Clinica San Francesco (alt): 0 slot
[2026-04-23 15:10:03] ✉️ Telegram OK
[2026-04-23 15:10:03] === Check completato ===
[2026-04-23 15:15:01] === Check avviato ===
[2026-04-23 15:15:02] Sacro Cuore Negrar: 0 slot
[2026-04-23 15:15:02] Clinica San Francesco Verona: 0 slot
[2026-04-23 15:15:03] Clinica San Francesco (alt): 0 slot
[2026-04-23 15:15:03] ✉️ Telegram OK
[2026-04-23 15:15:03] === Check completato ===
[2026-04-23 15:15:01] === Check avviato ===
[2026-04-23 15:15:02] Sacro Cuore Negrar: 0 slot
[2026-04-23 15:15:02] Clinica San Francesco Verona: 0 slot
[2026-04-23 15:15:03] Clinica San Francesco (alt): 0 slot
[2026-04-23 15:15:03] ✉️ Telegram OK
[2026-04-23 15:15:03] === Check completato ===
[2026-04-23 15:20:02] === Check avviato ===
[2026-04-23 15:20:03] Sacro Cuore Negrar: 0 slot
[2026-04-23 15:20:04] Clinica San Francesco Verona: 0 slot
[2026-04-23 15:20:04] Clinica San Francesco (alt): 0 slot
[2026-04-23 15:20:04] ✉️ Telegram OK
[2026-04-23 15:20:04] === Check completato ===
[2026-04-23 15:20:02] === Check avviato ===
[2026-04-23 15:20:03] Sacro Cuore Negrar: 0 slot
[2026-04-23 15:20:04] Clinica San Francesco Verona: 0 slot
[2026-04-23 15:20:04] Clinica San Francesco (alt): 0 slot
[2026-04-23 15:20:04] ✉️ Telegram OK
[2026-04-23 15:20:04] === Check completato ===
[2026-04-23 15:25:02] === Check avviato ===
[2026-04-23 15:25:02] Sacro Cuore Negrar: 0 slot
[2026-04-23 15:25:02] Clinica San Francesco Verona: 0 slot
[2026-04-23 15:25:03] Clinica San Francesco (alt): 0 slot
[2026-04-23 15:25:03] ✉️ Telegram OK
[2026-04-23 15:25:03] === Check completato ===
[2026-04-23 15:25:02] === Check avviato ===
[2026-04-23 15:25:02] Sacro Cuore Negrar: 0 slot
[2026-04-23 15:25:02] Clinica San Francesco Verona: 0 slot
[2026-04-23 15:25:03] Clinica San Francesco (alt): 0 slot
[2026-04-23 15:25:03] ✉️ Telegram OK
[2026-04-23 15:25:03] === Check completato ===
[2026-04-23 15:30:03] === Check avviato ===
[2026-04-23 15:30:05] Sacro Cuore Negrar: 0 slot
[2026-04-23 15:30:05] Clinica San Francesco Verona: 0 slot
[2026-04-23 15:30:06] Clinica San Francesco (alt): 0 slot
[2026-04-23 15:30:06] ✉️ Telegram OK
[2026-04-23 15:30:06] === Check completato ===
[2026-04-23 15:30:03] === Check avviato ===
[2026-04-23 15:30:05] Sacro Cuore Negrar: 0 slot
[2026-04-23 15:30:05] Clinica San Francesco Verona: 0 slot
[2026-04-23 15:30:06] Clinica San Francesco (alt): 0 slot
[2026-04-23 15:30:06] ✉️ Telegram OK
[2026-04-23 15:30:06] === Check completato ===
[2026-04-23 15:35:01] === Check avviato ===
[2026-04-23 15:35:02] Sacro Cuore Negrar: 0 slot
[2026-04-23 15:35:02] Clinica San Francesco Verona: 0 slot
[2026-04-23 15:35:02] Clinica San Francesco (alt): 0 slot
[2026-04-23 15:35:02] ✉️ Telegram OK
[2026-04-23 15:35:02] === Check completato ===
[2026-04-23 15:35:01] === Check avviato ===
[2026-04-23 15:35:02] Sacro Cuore Negrar: 0 slot
[2026-04-23 15:35:02] Clinica San Francesco Verona: 0 slot
[2026-04-23 15:35:02] Clinica San Francesco (alt): 0 slot
[2026-04-23 15:35:02] ✉️ Telegram OK
[2026-04-23 15:35:02] === Check completato ===
[2026-04-23 15:40:01] === Check avviato ===
[2026-04-23 15:40:02] Sacro Cuore Negrar: 0 slot
[2026-04-23 15:40:02] Clinica San Francesco Verona: 0 slot
[2026-04-23 15:40:03] Clinica San Francesco (alt): 0 slot
[2026-04-23 15:40:03] ✉️ Telegram OK
[2026-04-23 15:40:03] === Check completato ===
[2026-04-23 15:40:01] === Check avviato ===
[2026-04-23 15:40:02] Sacro Cuore Negrar: 0 slot
[2026-04-23 15:40:02] Clinica San Francesco Verona: 0 slot
[2026-04-23 15:40:03] Clinica San Francesco (alt): 0 slot
[2026-04-23 15:40:03] ✉️ Telegram OK
[2026-04-23 15:40:03] === Check completato ===
[2026-04-23 15:45:02] === Check avviato ===
[2026-04-23 15:45:02] Sacro Cuore Negrar: 0 slot
[2026-04-23 15:45:02] Clinica San Francesco Verona: 0 slot
[2026-04-23 15:45:03] Clinica San Francesco (alt): 0 slot
[2026-04-23 15:45:03] ✉️ Telegram OK
[2026-04-23 15:45:03] === Check completato ===
[2026-04-23 15:45:02] === Check avviato ===
[2026-04-23 15:45:02] Sacro Cuore Negrar: 0 slot
[2026-04-23 15:45:02] Clinica San Francesco Verona: 0 slot
[2026-04-23 15:45:03] Clinica San Francesco (alt): 0 slot
[2026-04-23 15:45:03] ✉️ Telegram OK
[2026-04-23 15:45:03] === Check completato ===
[2026-04-23 15:50:02] === Check avviato ===
[2026-04-23 15:50:03] Sacro Cuore Negrar: 0 slot
[2026-04-23 15:50:03] Clinica San Francesco Verona: 0 slot
[2026-04-23 15:50:04] Clinica San Francesco (alt): 0 slot
[2026-04-23 15:50:04] ✉️ Telegram OK
[2026-04-23 15:50:04] === Check completato ===
[2026-04-23 15:50:02] === Check avviato ===
[2026-04-23 15:50:03] Sacro Cuore Negrar: 0 slot
[2026-04-23 15:50:03] Clinica San Francesco Verona: 0 slot
[2026-04-23 15:50:04] Clinica San Francesco (alt): 0 slot
[2026-04-23 15:50:04] ✉️ Telegram OK
[2026-04-23 15:50:04] === Check completato ===
[2026-04-23 15:55:01] === Check avviato ===
[2026-04-23 15:55:02] Sacro Cuore Negrar: 0 slot
[2026-04-23 15:55:02] Clinica San Francesco Verona: 0 slot
[2026-04-23 15:55:02] Clinica San Francesco (alt): 0 slot
[2026-04-23 15:55:03] ✉️ Telegram OK
[2026-04-23 15:55:03] === Check completato ===
[2026-04-23 15:55:01] === Check avviato ===
[2026-04-23 15:55:02] Sacro Cuore Negrar: 0 slot
[2026-04-23 15:55:02] Clinica San Francesco Verona: 0 slot
[2026-04-23 15:55:02] Clinica San Francesco (alt): 0 slot
[2026-04-23 15:55:03] ✉️ Telegram OK
[2026-04-23 15:55:03] === Check completato ===
[2026-04-23 16:00:02] === Check avviato ===
[2026-04-23 16:00:03] Sacro Cuore Negrar: 0 slot
[2026-04-23 16:00:03] Clinica San Francesco Verona: 0 slot
[2026-04-23 16:00:04] Clinica San Francesco (alt): 0 slot
[2026-04-23 16:00:04] ✉️ Telegram OK
[2026-04-23 16:00:04] === Check completato ===
[2026-04-23 16:00:02] === Check avviato ===
[2026-04-23 16:00:03] Sacro Cuore Negrar: 0 slot
[2026-04-23 16:00:03] Clinica San Francesco Verona: 0 slot
[2026-04-23 16:00:04] Clinica San Francesco (alt): 0 slot
[2026-04-23 16:00:04] ✉️ Telegram OK
[2026-04-23 16:00:04] === Check completato ===
[2026-04-23 16:05:01] === Check avviato ===
[2026-04-23 16:05:01] Sacro Cuore Negrar: 0 slot
[2026-04-23 16:05:02] Clinica San Francesco Verona: 0 slot
[2026-04-23 16:05:02] Clinica San Francesco (alt): 0 slot
[2026-04-23 16:05:02] ✉️ Telegram OK
[2026-04-23 16:05:02] === Check completato ===
[2026-04-23 16:05:01] === Check avviato ===
[2026-04-23 16:05:01] Sacro Cuore Negrar: 0 slot
[2026-04-23 16:05:02] Clinica San Francesco Verona: 0 slot
[2026-04-23 16:05:02] Clinica San Francesco (alt): 0 slot
[2026-04-23 16:05:02] ✉️ Telegram OK
[2026-04-23 16:05:02] === Check completato ===
[2026-04-23 16:10:02] === Check avviato ===
[2026-04-23 16:10:03] Sacro Cuore Negrar: 0 slot
[2026-04-23 16:10:03] Clinica San Francesco Verona: 0 slot
[2026-04-23 16:10:03] Clinica San Francesco (alt): 0 slot
[2026-04-23 16:10:04] ✉️ Telegram OK
[2026-04-23 16:10:04] === Check completato ===
[2026-04-23 16:10:02] === Check avviato ===
[2026-04-23 16:10:03] Sacro Cuore Negrar: 0 slot
[2026-04-23 16:10:03] Clinica San Francesco Verona: 0 slot
[2026-04-23 16:10:03] Clinica San Francesco (alt): 0 slot
[2026-04-23 16:10:04] ✉️ Telegram OK
[2026-04-23 16:10:04] === Check completato ===
[2026-04-23 16:15:02] === Check avviato ===
[2026-04-23 16:15:03] Sacro Cuore Negrar: 0 slot
[2026-04-23 16:15:03] Clinica San Francesco Verona: 0 slot
[2026-04-23 16:15:03] Clinica San Francesco (alt): 0 slot
[2026-04-23 16:15:03] ✉️ Telegram OK
[2026-04-23 16:15:03] === Check completato ===
[2026-04-23 16:15:02] === Check avviato ===
[2026-04-23 16:15:03] Sacro Cuore Negrar: 0 slot
[2026-04-23 16:15:03] Clinica San Francesco Verona: 0 slot
[2026-04-23 16:15:03] Clinica San Francesco (alt): 0 slot
[2026-04-23 16:15:03] ✉️ Telegram OK
[2026-04-23 16:15:03] === Check completato ===
[2026-04-23 16:20:02] === Check avviato ===
[2026-04-23 16:20:03] Sacro Cuore Negrar: 0 slot
[2026-04-23 16:20:04] Clinica San Francesco Verona: 0 slot
[2026-04-23 16:20:04] Clinica San Francesco (alt): 0 slot
[2026-04-23 16:20:04] ✉️ Telegram OK
[2026-04-23 16:20:04] === Check completato ===
[2026-04-23 16:20:02] === Check avviato ===
[2026-04-23 16:20:03] Sacro Cuore Negrar: 0 slot
[2026-04-23 16:20:04] Clinica San Francesco Verona: 0 slot
[2026-04-23 16:20:04] Clinica San Francesco (alt): 0 slot
[2026-04-23 16:20:04] ✉️ Telegram OK
[2026-04-23 16:20:04] === Check completato ===
[2026-04-23 16:25:01] === Check avviato ===
[2026-04-23 16:25:02] Sacro Cuore Negrar: 0 slot
[2026-04-23 16:25:02] Clinica San Francesco Verona: 0 slot
[2026-04-23 16:25:03] Clinica San Francesco (alt): 0 slot
[2026-04-23 16:25:03] ✉️ Telegram OK
[2026-04-23 16:25:03] === Check completato ===
[2026-04-23 16:25:01] === Check avviato ===
[2026-04-23 16:25:02] Sacro Cuore Negrar: 0 slot
[2026-04-23 16:25:02] Clinica San Francesco Verona: 0 slot
[2026-04-23 16:25:03] Clinica San Francesco (alt): 0 slot
[2026-04-23 16:25:03] ✉️ Telegram OK
[2026-04-23 16:25:03] === Check completato ===
[2026-04-23 16:30:02] === Check avviato ===
[2026-04-23 16:30:03] Sacro Cuore Negrar: 0 slot
[2026-04-23 16:30:03] Clinica San Francesco Verona: 0 slot
[2026-04-23 16:30:04] Clinica San Francesco (alt): 0 slot
[2026-04-23 16:30:04] ✉️ Telegram OK
[2026-04-23 16:30:04] === Check completato ===
[2026-04-23 16:30:02] === Check avviato ===
[2026-04-23 16:30:03] Sacro Cuore Negrar: 0 slot
[2026-04-23 16:30:03] Clinica San Francesco Verona: 0 slot
[2026-04-23 16:30:04] Clinica San Francesco (alt): 0 slot
[2026-04-23 16:30:04] ✉️ Telegram OK
[2026-04-23 16:30:04] === Check completato ===
[2026-04-23 16:35:02] === Check avviato ===
[2026-04-23 16:35:02] Sacro Cuore Negrar: 0 slot
[2026-04-23 16:35:03] Clinica San Francesco Verona: 0 slot
[2026-04-23 16:35:03] Clinica San Francesco (alt): 0 slot
[2026-04-23 16:35:03] ✉️ Telegram OK
[2026-04-23 16:35:03] === Check completato ===
[2026-04-23 16:35:02] === Check avviato ===
[2026-04-23 16:35:02] Sacro Cuore Negrar: 0 slot
[2026-04-23 16:35:03] Clinica San Francesco Verona: 0 slot
[2026-04-23 16:35:03] Clinica San Francesco (alt): 0 slot
[2026-04-23 16:35:03] ✉️ Telegram OK
[2026-04-23 16:35:03] === Check completato ===
[2026-04-23 16:40:02] === Check avviato ===
[2026-04-23 16:40:03] Sacro Cuore Negrar: 0 slot
[2026-04-23 16:40:03] Clinica San Francesco Verona: 0 slot
[2026-04-23 16:40:04] Clinica San Francesco (alt): 0 slot
[2026-04-23 16:40:04] ✉️ Telegram OK
[2026-04-23 16:40:04] === Check completato ===
[2026-04-23 16:40:02] === Check avviato ===
[2026-04-23 16:40:03] Sacro Cuore Negrar: 0 slot
[2026-04-23 16:40:03] Clinica San Francesco Verona: 0 slot
[2026-04-23 16:40:04] Clinica San Francesco (alt): 0 slot
[2026-04-23 16:40:04] ✉️ Telegram OK
[2026-04-23 16:40:04] === Check completato ===
[2026-04-23 16:45:01] === Check avviato ===
[2026-04-23 16:45:02] Sacro Cuore Negrar: 0 slot
[2026-04-23 16:45:02] Clinica San Francesco Verona: 0 slot
[2026-04-23 16:45:03] Clinica San Francesco (alt): 0 slot
[2026-04-23 16:45:03] ✉️ Telegram OK
[2026-04-23 16:45:03] === Check completato ===
[2026-04-23 16:45:01] === Check avviato ===
[2026-04-23 16:45:02] Sacro Cuore Negrar: 0 slot
[2026-04-23 16:45:02] Clinica San Francesco Verona: 0 slot
[2026-04-23 16:45:03] Clinica San Francesco (alt): 0 slot
[2026-04-23 16:45:03] ✉️ Telegram OK
[2026-04-23 16:45:03] === Check completato ===
[2026-04-23 16:50:01] === Check avviato ===
[2026-04-23 16:50:02] Sacro Cuore Negrar: 0 slot
[2026-04-23 16:50:02] Clinica San Francesco Verona: 0 slot
[2026-04-23 16:50:03] Clinica San Francesco (alt): 0 slot
[2026-04-23 16:50:03] ✉️ Telegram OK
[2026-04-23 16:50:03] === Check completato ===
[2026-04-23 16:50:01] === Check avviato ===
[2026-04-23 16:50:02] Sacro Cuore Negrar: 0 slot
[2026-04-23 16:50:02] Clinica San Francesco Verona: 0 slot
[2026-04-23 16:50:03] Clinica San Francesco (alt): 0 slot
[2026-04-23 16:50:03] ✉️ Telegram OK
[2026-04-23 16:50:03] === Check completato ===
[2026-04-23 16:55:01] === Check avviato ===
[2026-04-23 16:55:02] Sacro Cuore Negrar: 0 slot
[2026-04-23 16:55:02] Clinica San Francesco Verona: 0 slot
[2026-04-23 16:55:02] Clinica San Francesco (alt): 0 slot
[2026-04-23 16:55:03] ✉️ Telegram OK
[2026-04-23 16:55:03] === Check completato ===
[2026-04-23 16:55:01] === Check avviato ===
[2026-04-23 16:55:02] Sacro Cuore Negrar: 0 slot
[2026-04-23 16:55:02] Clinica San Francesco Verona: 0 slot
[2026-04-23 16:55:02] Clinica San Francesco (alt): 0 slot
[2026-04-23 16:55:03] ✉️ Telegram OK
[2026-04-23 16:55:03] === Check completato ===
